Country or Area,Year,Value,Value Footnotes
Albania,2020,8.4,1
Albania,2019,8.5,1
Albania,2018,7.9,1
Albania,2017,7.6,1
Albania,2016,7.3,1
Albania,2015,7.7,1
Albania,2014,7,1
Albania,2012,8.9,2
Albania,2008,8.9,2
Albania,2005,8.4,2
Albania,2002,8.4,2
Albania,1996,9.2,3
Algeria,2011,9.4,4
Algeria,1995,7,5
Algeria,1988,6.8,6
Angola,2018,3.8,7
Angola,2008,5.4,8
Angola,2000,3.2,1
Argentina,2022,5.4,9
Argentina,2021,5,9
Argentina,2020,4.7,9
Argentina,2019,4.6,9
Argentina,2018,4.9,9
Argentina,2017,5,9
Argentina,2016,4.9,9
Argentina,2014,5,9
Argentina,2013,5,9
Argentina,2012,5,9
Argentina,2011,4.8,9
Argentina,2010,4.5,9
Argentina,2009,4.3,9
Argentina,2008,4.2,9
Argentina,2007,4.1,9
Argentina,2006,3.9,9
Argentina,2005,3.7,9
Argentina,2004,3.6,9
Argentina,2003,3.3,9
Argentina,2002,2.8,10
Argentina,2001,2.6,10
Argentina,2000,3.2,10
Argentina,1999,3.5,10
Argentina,1998,3.4,10
Argentina,1997,3.6,10
Argentina,1996,3.5,10
Argentina,1995,3.8,10
Argentina,1994,4.4,10
Argentina,1993,4.5,10
Argentina,1992,4.6,10
Argentina,1991,4.8,10
Argentina,1987,4.6,10
Argentina,1986,5.1,10
Argentina,1980,5.3,11
Armenia,2022,9.2,12
Armenia,2021,9.4,12
Armenia,2020,10.2,12
Armenia,2019,8.9,12
Armenia,2018,8.1,12
Armenia,2017,8.4,12
Armenia,2016,7.9,12
Armenia,2015,8.2,12
Armenia,2014,8.5,12
Armenia,2013,8.6,12
Armenia,2012,9,12
Armenia,2011,9,12
Armenia,2010,9.1,12
Armenia,2009,9.4,12
Armenia,2008,9.1,12
Armenia,2007,8.4,12
Armenia,2006,8.9,12
Armenia,2005,8.1,12
Armenia,2004,7.6,12
Armenia,2003,8.7,12
Armenia,2002,8,12
Armenia,2001,7.7,12
Armenia,1999,7.6,12
Australia,2018,7.4,13
Australia,2016,7.5,14
Australia,2014,7.6,13
Australia,2010,7.3,14
Australia,2008,7.2,13
Australia,2004,7.8,14
Australia,2003,7.5,13
Australia,2001,7.5,13
Australia,1995,7.7,13
Australia,1989,7.4,15
Australia,1985,7.5,16
Australia,1981,7.8,17
Austria,2021,7.7,18
Austria,2020,7.9,18
Austria,2019,7.9,18
Austria,2018,7.9,18
Austria,2017,8,18
Austria,2016,7.7,18
Austria,2015,7.9,18
Austria,2014,8,18
Austria,2013,8.1,18
Austria,2012,7.8,18
Austria,2011,7.8,18
Austria,2010,8,18
Austria,2009,7.7,18
Austria,2008,8,18
Austria,2007,8,18
Austria,2006,8.6,18
Austria,2005,8.8,18
Austria,2004,8.5,18
Austria,2003,8.5,18
Austria,2000,8.8,19
Austria,1999,8.8,19
Austria,1998,8.3,19
Austria,1997,8.6,19
Austria,1996,8.6,19
Austria,1995,8.3,19
Austria,1994,8.2,19
Azerbaijan,2005,10.8,1
Azerbaijan,2004,10.7,1
Azerbaijan,2003,10.2,1
Azerbaijan,2002,10.9,1
Azerbaijan,2001,7.4,1
Azerbaijan,1995,7.1,20
Bangladesh,2022,8.2,21
Bangladesh,2016,8.6,21
Bangladesh,2010,8.9,21
Bangladesh,2005,8.8,21
Bangladesh,2000,8.6,21
Bangladesh,1995,8.8,22
Bangladesh,1991,9.6,22
Bangladesh,1988,9.4,23
Bangladesh,1985,10,23
Bangladesh,1983,9.7,23
Belarus,2020,10.3,24
Belarus,2019,10,24
Belarus,2018,10.1,24
Belarus,2017,9.9,24
Belarus,2016,9.9,24
Belarus,2015,9.7,24
Belarus,2014,9.3,24
Belarus,2013,9.5,24
Belarus,2012,9.5,24
Belarus,2011,9.2,24
Belarus,2010,8.8,24
Belarus,2009,9.1,24
Belarus,2008,9,24
Belarus,2007,8.6,24
Belarus,2006,8.8,24
Belarus,2005,8.9,24
Belarus,2004,9.4,24
Belarus,2003,8.6,24
Belarus,2002,8.3,24
Belarus,2001,8.2,24
Belarus,2000,7.9,24
Belarus,1999,7.6,24
Belarus,1998,7.9,24
Belgium,2021,9.2,18
Belgium,2020,9.4,18
Belgium,2019,9,18
Belgium,2018,8.9,18
Belgium,2017,8.7,18
Belgium,2016,8.6,18
Belgium,2015,8.6,18
Belgium,2014,8.6,18
Belgium,2013,8.6,18
Belgium,2012,8.7,18
Belgium,2011,8.6,18
Belgium,2010,8.6,18
Belgium,2009,8.5,18
Belgium,2008,8.7,18
Belgium,2007,8.6,18
Belgium,2006,8.7,18
Belgium,2005,8.7,18
Belgium,2004,8.4,18
Belgium,2003,8.6,18
Belgium,2000,8.5,25
Belgium,1997,9.2,26
Belgium,1995,8.8,25
Belgium,1992,9.7,26
Belgium,1988,9.7,26
Belgium,1985,9.9,26
Belize,1999,3.2,27
Belize,1998,3.3,27
Belize,1997,2.7,27
Belize,1996,3.4,28
Belize,1994,3.1,27
Belize,1993,3,27
Benin,2021,7.6,29
Benin,2018,7,29
Benin,2015,3.3,30
Benin,2011,6.1,30
Benin,2003,7,31
Bhutan,2022,8.8,32
Bhutan,2017,6.7,32
Bhutan,2012,6.7,32
Bhutan,2007,6.7,32
Bhutan,2003,6.5,32
Bolivia,2021,5.3,33
Bolivia,2020,4.7,33
Bolivia,2019,5.1,33
Bolivia,2018,4.5,33
Bolivia,2017,3.9,33
Bolivia,2016,3.7,33
Bolivia,2015,3.9,33
Bolivia,2014,3.8,33
Bolivia,2013,3.6,33
Bolivia,2012,3.4,33
Bolivia,2011,3.8,33
Bolivia,2009,3.2,33
Bolivia,2008,3.2,33
Bolivia,2007,2.9,33
Bolivia,2006,2.3,33
Bolivia,2005,2,33
Bolivia,2004,3.1,34
Bolivia,2002,1.7,33
Bolivia,2001,1.9,33
Bolivia,2000,1.1,34
Bolivia,1999,1.3,34
Bolivia,1997,2,35
Bolivia,1992,4.6,36
Bolivia,1990,5.6,37
Bosnia and Herzegovina,2011,7.5,1
Bosnia and Herzegovina,2007,7.5,1
Bosnia and Herzegovina,2004,7.4,2
Bosnia and Herzegovina,2001,8.8,2
Botswana,2015,3.9,38
Botswana,2009,2.8,39
Botswana,2002,2.3,21
Botswana,1993,3.1,40
Botswana,1985,3.6,40
Brazil,2022,3.6,41
Brazil,2021,3.3,42
Brazil,2020,4.5,42
Brazil,2019,3.1,41
Brazil,2018,3.1,41
Brazil,2017,3.2,41
Brazil,2016,3.3,41
Brazil,2015,3.6,41
Brazil,2014,3.6,41
Brazil,2013,3.5,41
Brazil,2012,3.4,41
Brazil,2011,3.3,43
Brazil,2009,3.2,43
Brazil,2008,3.2,43
Brazil,2007,3,43
Brazil,2006,3,43
Brazil,2005,2.9,43
Brazil,2004,2.9,43
Brazil,2003,2.6,43
Brazil,2002,2.6,43
Brazil,2001,2.5,43
Brazil,1999,2.5,43
Brazil,1998,2.4,43
Brazil,1997,2.3,43
Brazil,1996,2.3,43
Brazil,1995,2.5,43
Brazil,1993,2.4,43
Brazil,1992,2.9,43
Brazil,1990,2.3,43
Brazil,1989,2,43
Brazil,1988,2.2,43
Brazil,1987,2.4,43
Brazil,1986,2.7,43
Brazil,1985,2.9,43
Brazil,1984,2.8,43
Brazil,1983,2.7,43
Brazil,1982,2.7,43
Brazil,1981,2.7,43
Bulgaria,2021,6.1,18
Bulgaria,2020,6.1,18
Bulgaria,2019,5.7,18
Bulgaria,2018,5.7,18
Bulgaria,2017,5.7,18
Bulgaria,2016,5.4,18
Bulgaria,2015,5.3,18
Bulgaria,2014,6,18
Bulgaria,2013,5.7,18
Bulgaria,2012,6.2,18
Bulgaria,2011,6.4,18
Bulgaria,2010,6.3,18
Bulgaria,2009,6.8,18
Bulgaria,2008,6.9,18
Bulgaria,2007,6.5,18
Bulgaria,2006,5.7,18
Burkina Faso,2021,7.3,29
Burkina Faso,2018,6.3,29
Burkina Faso,2014,8.3,44
Burkina Faso,2009,6.7,45
Burkina Faso,2003,5.8,45
Burkina Faso,1998,5.2,46
Burkina Faso,1994,5.6,47
Burundi,2020,7.1,48
Burundi,2013,6.9,49
Burundi,2006,8.9,31
Burundi,1998,5.3,50
Burundi,1992,7.9,6
CÃ´te d'Ivoire,2021,7.6,29
CÃ´te d'Ivoire,2018,7,29
CÃ´te d'Ivoire,2015,5.7,51
CÃ´te d'Ivoire,2008,5.1,51
CÃ´te d'Ivoire,2002,6.1,51
CÃ´te d'Ivoire,1998,6.4,51
CÃ´te d'Ivoire,1995,6.6,51
CÃ´te d'Ivoire,1992,6,50
CÃ´te d'Ivoire,1988,6.8,52
CÃ´te d'Ivoire,1987,6.3,52
CÃ´te d'Ivoire,1986,6.9,52
CÃ´te d'Ivoire,1985,5,52
Cabo Verde,2015,5.7,53
Cabo Verde,2007,5,31
Cabo Verde,2001,4.2,53
Cameroon,2021,5.4,54
Cameroon,2014,4.5,55
Cameroon,2007,5.8,56
Cameroon,2001,6.2,57
Cameroon,1996,6.1,58
Canada,2019,7.7,59
Canada,2018,7.5,59
Canada,2017,7.3,59
Canada,2016,7.4,59
Canada,2015,7,59
Canada,2014,7.2,59
Canada,2013,6.8,59
Canada,2012,7,59
Canada,2011,7.5,60
Canada,2010,7.3,60
Canada,2009,7.2,60
Canada,2008,7.2,60
Canada,2007,7.3,60
Canada,2006,7.2,60
Canada,2005,7.2,60
Canada,2004,7.1,60
Canada,2003,7.1,60
Canada,2002,7.2,60
Canada,2001,7.2,60
Canada,2000,7.2,60
Canada,1999,7.3,60
Canada,1998,7.3,60
Canada,1997,7.4,60
Canada,1996,7.4,60
Canada,1995,7.5,61
Canada,1994,7.5,61
Canada,1993,7.4,61
Canada,1992,7.5,61
Canada,1991,7.3,61
Canada,1990,7.4,61
Canada,1989,7.6,61
Canada,1988,7.7,61
Canada,1987,7.5,61
Canada,1986,7.4,61
Canada,1985,7.1,61
Canada,1984,6.9,61
Canada,1982,7.1,61
Canada,1981,7.1,61
Canada,1979,6.8,61
Canada,1977,6.7,61
Canada,1975,6.7,61
Canada,1973,6.4,61
Canada,1971,5.7,61
Central African Republic,2021,5.6,29
Central African Republic,2008,3.4,62
Central African Republic,1992,3.4,63
Chad,2022,6.9,29
Chad,2018,7.1,29
Chad,2011,4.9,64
Chad,2003,6.3,65
Chile,2022,5.9,66
Chile,2020,4.9,66
Chile,2017,5.6,66
Chile,2015,5.6,66
Chile,2013,5.4,66
Chile,2011,5.2,66
Chile,2009,5.1,66
Chile,2006,4.9,66
Chile,2003,4,66
Chile,2000,3.8,66
Chile,1998,3.5,66
Chile,1996,3.7,66
Chile,1994,3.5,66
Chile,1992,3.9,66
Chile,1990,3.4,66
Chile,1987,3.4,66
China,2021,7.4,67
China,2020,7.2,67
China,2019,6.7,67
China,2018,6.5,67
China,2017,6.4,67
China,2016,6.5,67
China,2015,6.4,67
China,2014,6.2,67
China,2013,6.2,67
China,2012,5.3,67
China,2011,5.4,68
China,2010,5.1,68
China,2008,5.2,68
China,2005,5.9,68
China,2002,5.7,68
China,1999,6.5,68
China,1996,7.4,68
China,1993,7.9,68
China,1990,8.3,68
Colombia,2022,3.2,69
Colombia,2021,3.1,69
Colombia,2020,3.1,69
Colombia,2019,3.7,69
Colombia,2018,4,69
Colombia,2017,4.1,69
Colombia,2016,3.9,69
Colombia,2015,3.8,69
Colombia,2014,3.6,69
Colombia,2013,3.5,69
Colombia,2012,3.5,69
Colombia,2011,3.5,69
Colombia,2010,3.3,69
Colombia,2009,3.3,69
Colombia,2008,3,69
Colombia,2005,3.6,34
Colombia,2004,3.5,34
Colombia,2003,3.5,34
Colombia,2002,3.2,34
Colombia,2001,2.5,34
Colombia,2000,2.1,70
Colombia,1999,2.2,70
Colombia,1996,2.5,70
Colombia,1992,3.7,70
Colombia,1991,3.6,71
Colombia,1989,3.6,71
Colombia,1988,3.3,71
Colombia,1980,2.9,71
Comoros,2014,4.5,72
Comoros,2004,4,73
Congo,2011,4.2,74
Congo,2005,4.9,74
Costa Rica,2023,4.5,75
Costa Rica,2022,4.5,75
Costa Rica,2021,4.3,75
Costa Rica,2020,4,75
Costa Rica,2019,4.4,75
Costa Rica,2018,4.3,75
Costa Rica,2017,4.4,75
Costa Rica,2016,4.2,75
Costa Rica,2015,4.3,75
Costa Rica,2014,4.2,75
Costa Rica,2013,4.1,75
Costa Rica,2012,4.2,75
Costa Rica,2011,4.2,75
Costa Rica,2010,4.4,75
Costa Rica,2009,4,76
Costa Rica,2008,4.3,76
Costa Rica,2007,4.3,76
Costa Rica,2006,4.1,76
Costa Rica,2005,4.2,76
Costa Rica,2004,4,76
Costa Rica,2003,3.7,76
Costa Rica,2002,3.5,76
Costa Rica,2001,3.5,76
Costa Rica,2000,3.9,76
Costa Rica,1999,4,76
Costa Rica,1998,4.3,76
Costa Rica,1997,4.2,76
Costa Rica,1996,3.8,76
Costa Rica,1995,4,76
Costa Rica,1994,4,76
Costa Rica,1993,3.9,76
Costa Rica,1992,4,76
Costa Rica,1991,3.7,76
Costa Rica,1990,3.8,76
Costa Rica,1989,3.8,76
Costa Rica,1986,5.2,77
Costa Rica,1981,3.3,77
Croatia,2021,8.2,18
Croatia,2020,7.9,18
Croatia,2019,8,18
Croatia,2018,7.9,18
Croatia,2017,7.4,18
Croatia,2016,7.3,18
Croatia,2015,7.3,18
Croatia,2014,7.1,18
Croatia,2013,7.1,18
Croatia,2012,6.9,18
Croatia,2011,6.9,18
Croatia,2010,6.9,18
Croatia,2009,7,18
Cyprus,2021,8.6,18
Cyprus,2020,8.5,18
Cyprus,2019,8.5,18
Cyprus,2018,8.4,18
Cyprus,2017,8.4,18
Cyprus,2016,8.2,18
Cyprus,2015,7.9,18
Cyprus,2014,7.6,18
Cyprus,2013,7.7,18
Cyprus,2012,8,18
Cyprus,2011,8.4,18
Cyprus,2010,8.6,18
Cyprus,2009,8.5,18
Cyprus,2008,8.7,18
Cyprus,2007,8.7,18
Cyprus,2006,8.8,18
Cyprus,2005,8.9,18
Cyprus,2004,8.8,18
Czechia,2021,9.7,18
Czechia,2020,9.8,18
Czechia,2019,10.1,18
Czechia,2018,10.2,18
Czechia,2017,10.2,18
Czechia,2016,10,18
Czechia,2015,9.7,18
Czechia,2014,9.7,18
Czechia,2013,9.4,18
Czechia,2012,9.6,18
Czechia,2011,9.3,18
Czechia,2010,9.4,18
Czechia,2009,9.6,18
Czechia,2008,9.8,18
Czechia,2007,9.7,18
Czechia,2006,9.3,18
Czechia,2005,9.3,18
Czechia,2004,9,18
Czechia,2002,9.6,78
Czechia,1996,10,78
Czechia,1993,10.5,79
Czechia,1992,11.9,78
Dem. Rep. Congo,2020,5.5,80
Dem. Rep. Congo,2012,5.6,81
Dem. Rep. Congo,2004,6,81
Denmark,2021,9.2,18
Denmark,2020,9.4,18
Denmark,2019,9.5,18
Denmark,2018,9.3,18
Denmark,2017,9.1,18
Denmark,2016,9.2,18
Denmark,2015,9.4,18
Denmark,2014,9.1,18
Denmark,2013,9.1,18
Denmark,2012,9.3,18
Denmark,2011,9.4,18
Denmark,2010,9.3,18
Denmark,2009,9.2,18
Denmark,2008,9.8,18
Denmark,2007,9.8,18
Denmark,2006,9.8,18
Denmark,2005,9.8,18
Denmark,2004,9.9,18
Denmark,2003,9.8,18
Denmark,2000,10.6,82
Denmark,1995,10.9,82
Denmark,1992,9.9,82
Denmark,1987,9.5,82
Djibouti,2017,5.4,83
Djibouti,2013,5,83
Djibouti,2012,4.3,83
Djibouti,2002,6,83
Dominican Republic,2022,6.6,84
Dominican Republic,2021,6.6,84
Dominican Republic,2020,6.2,84
Dominican Republic,2019,6,84
Dominican Republic,2018,5.8,84
Dominican Republic,2017,5.9,84
Dominican Republic,2016,4.9,85
Dominican Republic,2015,5,85
Dominican Republic,2014,5.1,85
Dominican Republic,2013,4.8,85
Dominican Republic,2012,4.9,85
Dominican Republic,2011,4.7,85
Dominican Republic,2010,4.6,85
Dominican Republic,2009,4.5,85
Dominican Republic,2008,4.6,85
Dominican Republic,2007,4.4,85
Dominican Republic,2006,3.9,85
Dominican Republic,2005,4.1,85
Dominican Republic,2004,3.9,85
Dominican Republic,2003,3.8,85
Dominican Republic,2002,3.8,85
Dominican Republic,2001,4.1,85
Dominican Republic,2000,3.7,85
Dominican Republic,1997,4,85
Dominican Republic,1996,4.3,85
Dominican Republic,1992,4.3,86
Dominican Republic,1989,4.2,87
Dominican Republic,1986,3.9,87
Ecuador,2023,4.7,88
Ecuador,2022,4.7,88
Ecuador,2021,4.6,88
Ecuador,2020,4.1,88
Ecuador,2019,4.5,88
Ecuador,2018,4.6,88
Ecuador,2017,4.7,88
Ecuador,2016,4.7,88
Ecuador,2015,4.6,88
Ecuador,2014,4.8,88
Ecuador,2013,4.5,88
Ecuador,2012,4.3,88
Ecuador,2011,4.4,88
Ecuador,2010,4.1,88
Ecuador,2009,4.1,88
Ecuador,2008,3.8,88
Ecuador,2007,3.5,88
Ecuador,2006,3.7,88
Ecuador,2005,3.3,88
Ecuador,2004,3.2,88
Ecuador,2003,3.3,88
Ecuador,2000,3.1,89
Ecuador,1999,2.6,90
Ecuador,1998,4,91
Ecuador,1995,3.8,91
Ecuador,1994,3.3,90
Ecuador,1987,3.3,91
Egypt,2019,9,92
Egypt,2017,9,92
Egypt,2015,9.1,92
Egypt,2012,9.8,92
Egypt,2010,9.4,92
Egypt,2008,9.2,92
Egypt,2004,9,92
Egypt,1999,9.2,93
Egypt,1995,9.5,93
Egypt,1990,8.7,93
El Salvador,2022,5.6,76
El Salvador,2021,5.6,76
El Salvador,2019,6.3,76
El Salvador,2018,6.2,76
El Salvador,2017,6.4,76
El Salvador,2016,5.9,76
El Salvador,2015,6.1,76
El Salvador,2014,5.8,76
El Salvador,2013,5.5,76
El Salvador,2012,5.7,76
El Salvador,2011,5.6,76
El Salvador,2010,5.1,76
El Salvador,2009,4.9,76
El Salvador,2008,4.6,76
El Salvador,2007,5.2,76
El Salvador,2006,4.8,76
El Salvador,2005,3.9,76
El Salvador,2004,3.7,76
El Salvador,2003,2.9,76
El Salvador,2002,3,76
El Salvador,2001,3.1,76
El Salvador,2000,3.2,76
El Salvador,1999,2.6,76
El Salvador,1998,2.1,76
El Salvador,1996,3.5,76
El Salvador,1995,3.7,76
El Salvador,1991,2.7,76
El Salvador,1989,2.6,94
Estonia,2021,8.1,18
Estonia,2020,8.1,18
Estonia,2019,8.1,18
Estonia,2018,8.1,18
Estonia,2017,8.1,18
Estonia,2016,7.8,18
Estonia,2015,7.5,18
Estonia,2014,7,18
Estonia,2013,6.8,18
Estonia,2012,7.3,18
Estonia,2011,7.3,18
Estonia,2010,7.2,18
Estonia,2009,7.7,18
Estonia,2008,7.8,18
Estonia,2007,8,18
Estonia,2006,7.6,18
Estonia,2005,7.4,18
Estonia,2004,7.1,18
Estonia,2003,6.2,18
Eswatini,2016,3.7,21
Eswatini,2009,4,21
Eswatini,2000,4.5,21
Eswatini,1994,3.5,40
Ethiopia,2015,7.3,95
Ethiopia,2010,8,95
Ethiopia,2004,9.4,95
Ethiopia,1999,9.1,95
Ethiopia,1995,6.3,95
Fiji,2019,8.4,21
Fiji,2013,7.5,21
Fiji,2008,6.6,21
Fiji,2002,6.7,21
Finland,2021,9.3,18
Finland,2020,9.5,18
Finland,2019,9.2,18
Finland,2018,9.3,18
Finland,2017,9.4,18
Finland,2016,9.4,18
Finland,2015,9.4,18
Finland,2014,9.4,18
Finland,2013,9.3,18
Finland,2012,9.4,18
Finland,2011,9.3,18
Finland,2010,9.2,18
Finland,2009,9.3,18
Finland,2008,9.3,18
Finland,2007,9.2,18
Finland,2006,9.3,18
Finland,2005,9.5,18
Finland,2004,9.4,18
Finland,2003,9.4,18
Finland,2000,9.7,16
Finland,1995,11,16
Finland,1991,10.9,16
Finland,1987,11,16
France,2021,7.7,18
France,2020,8,18
France,2019,7.8,18
France,2018,8,18
France,2017,8.1,18
France,2016,8,18
France,2015,7.9,18
France,2014,8,18
France,2013,8,18
France,2012,7.9,18
France,2011,7.8,18
France,2010,7.7,18
France,2009,7.7,18
France,2008,7.9,18
France,2007,8.1,18
France,2006,8.5,18
France,2005,8.6,18
France,2004,8.4,18
France,2003,8.2,18
France,2002,8.1,96
France,2001,7.8,96
France,2000,7.8,96
France,1999,7.8,96
France,1998,7.9,96
France,1997,7.7,96
France,1996,7.7,96
France,1990,8,97
France,1984,7.6,97
France,1979,7.5,97
France,1975,7.2,97
France,1970,7.1,97
Gabon,2017,6,98
Gabon,2005,5.8,98
Georgia,2022,7,99
Georgia,2021,7,99
Georgia,2020,7,99
Georgia,2019,6.8,99
Georgia,2018,6.5,99
Georgia,2017,6.3,99
Georgia,2016,6.7,99
Georgia,2015,6.7,99
Georgia,2014,6.4,99
Georgia,2013,6.1,99
Georgia,2012,5.9,99
Georgia,2011,5.6,99
Georgia,2010,5.7,99
Georgia,2009,6.1,99
Georgia,2008,6.1,99
Georgia,2007,6.2,99
Georgia,2006,6.3,99
Georgia,2005,6.2,99
Georgia,2004,6.3,99
Georgia,2003,6.3,99
Georgia,2002,6.3,99
Georgia,2001,5.8,99
Georgia,2000,5.4,99
Georgia,1999,5.4,99
Georgia,1998,5.2,99
Georgia,1997,5.1,99
Georgia,1996,6.1,100
Germany,2020,7.8,101
Germany,2019,7.9,101
Germany,2018,8,101
Germany,2017,8,101
Germany,2016,8,101
Germany,2015,8.1,101
Germany,2014,8.2,101
Germany,2013,8.3,101
Germany,2012,8.3,101
Germany,2011,8.6,101
Germany,2010,8.6,101
Germany,2009,8.5,101
Germany,2008,8.6,101
Germany,2007,8.5,101
Germany,2006,8.5,101
Germany,2005,8.3,101
Germany,2004,8.7,101
Germany,2003,8.7,101
Germany,2002,8.7,101
Germany,2001,8.8,101
Germany,2000,8.9,101
Germany,1999,8.9,101
Germany,1998,9.1,101
Germany,1997,9,101
Germany,1996,9.1,101
Germany,1995,8.7,101
Germany,1994,8.7,101
Germany,1993,9.1,101
Germany,1992,9,101
Germany,1991,8.9,101
Ghana,2016,4.7,102
Ghana,2012,5.4,103
Ghana,2005,5.3,104
Ghana,1998,5.8,105
Ghana,1991,6.6,106
Ghana,1988,7,107
Ghana,1987,7,108
Greece,2021,7.1,18
Greece,2020,6.7,18
Greece,2019,7,18
Greece,2018,7.2,18
Greece,2017,6.6,18
Greece,2016,6.3,18
Greece,2015,5.8,18
Greece,2014,5.9,18
Greece,2013,5.9,18
Greece,2012,5.8,18
Greece,2011,6.1,18
Greece,2010,6.7,18
Greece,2009,7,18
Greece,2008,7.1,18
Greece,2007,7,18
Greece,2006,6.7,18
Greece,2005,6.9,18
Greece,2004,7.1,18
Greece,2003,7.2,18
Greece,2000,6.9,19
Greece,1995,6,19
Grenada,2018,5.5,109
Guatemala,2014,4.5,110
Guatemala,2006,3.2,110
Guatemala,2000,3.5,110
Guatemala,1998,3.7,111
Guatemala,1989,2.2,112
Guatemala,1986,3,112
Guinea,2018,8.5,113
Guinea,2012,7.6,114
Guinea,2007,6.3,114
Guinea,2002,5.8,115
Guinea,1994,5.2,116
Guinea,1991,4.7,117
Guinea-Bissau,2021,7.9,29
Guinea-Bissau,2018,7.8,29
Guinea-Bissau,2010,4.5,118
Guinea-Bissau,2002,7.3,119
Guinea-Bissau,1993,5.6,120
Guinea-Bissau,1991,2.2,121
Guyana,1998,4.3,122
Guyana,1992,5.3,123
Haiti,2012,5.5,124
Honduras,2019,3.6,125
Honduras,2018,3.4,125
Honduras,2017,3.4,125
Honduras,2016,3.2,125
Honduras,2015,3.7,125
Honduras,2014,3.7,125
Honduras,2013,3.5,125
Honduras,2012,3,125
Honduras,2011,3.1,125
Honduras,2010,3.1,125
Honduras,2009,3.3,125
Honduras,2008,2.7,125
Honduras,2007,2.8,125
Honduras,2006,2.1,125
Honduras,2005,1.9,125
Honduras,2004,2.4,125
Honduras,2003,2.4,125
Honduras,2002,2.6,125
Honduras,2001,2.5,125
Honduras,1999,2.4,125
Honduras,1998,2.2,125
Honduras,1997,3.5,125
Honduras,1996,2.9,125
Honduras,1995,3.1,125
Honduras,1994,3.1,125
Honduras,1993,3.6,125
Honduras,1992,3.9,125
Honduras,1991,3.7,125
Honduras,1990,2.9,126
Honduras,1989,3,126
Hungary,2021,9,18
Hungary,2020,8.1,18
Hungary,2019,8,18
Hungary,2018,8.2,18
Hungary,2017,7.9,18
Hungary,2016,8,18
Hungary,2015,7.8,18
Hungary,2014,7.6,18
Hungary,2013,7.6,18
Hungary,2012,7.6,18
Hungary,2011,8.1,18
Hungary,2010,8.2,18
Hungary,2009,8.9,18
Hungary,2008,8.8,18
Hungary,2007,8.7,18
Hungary,2006,8.7,18
Hungary,2005,7.1,18
Hungary,2004,8.3,18
Iceland,2017,9.7,18
Iceland,2016,9.4,18
Iceland,2015,9.5,18
Iceland,2014,9.4,18
Iceland,2013,9.9,18
Iceland,2012,9.3,18
Iceland,2011,9.3,18
Iceland,2010,9.5,18
Iceland,2009,9.1,18
Iceland,2008,8.6,18
Iceland,2007,9.1,18
Iceland,2006,8.9,18
Iceland,2005,9.2,18
Iceland,2004,9.4,18
Iceland,2003,9.5,18
India,2021,8,127
India,2020,7.7,127
India,2019,7.7,127
India,2018,8.2,127
India,2017,8.2,127
India,2016,8.4,127
India,2015,8.4,127
India,2011,8.2,128
India,2009,8.4,128
India,2004,8.6,128
India,1993,8.9,128
India,1987,8.7,129
India,1983,8.5,130
India,1977,8.3,130
Indonesia,2023,7.9,131
Indonesia,2022,7.8,131
Indonesia,2021,7.6,131
Indonesia,2020,7.6,131
Indonesia,2019,7.6,131
Indonesia,2018,7.4,131
Indonesia,2017,7.4,131
Indonesia,2016,7.4,131
Indonesia,2015,7.4,131
Indonesia,2014,7.4,131
Indonesia,2013,7.4,131
Indonesia,2012,7.7,131
Indonesia,2011,7.5,131
Indonesia,2010,8.1,131
Indonesia,2009,8.4,131
Indonesia,2008,8.5,131
Indonesia,2007,8.4,131
Indonesia,2006,8.7,131
Indonesia,2005,9.2,131
Indonesia,2004,9,131
Indonesia,2003,9.4,131
Indonesia,2002,9.5,131
Indonesia,2001,9.1,131
Indonesia,2000,9.2,131
Indonesia,1999,9.2,131
Indonesia,1998,9,131
Indonesia,1996,8.4,131
Indonesia,1993,9,131
Indonesia,1990,9,132
Indonesia,1987,9.1,132
Indonesia,1984,8.3,132
Iran,2022,7.2,133
Iran,2021,7,133
Iran,2020,7,133
Iran,2019,6.9,133
Iran,2018,6.8,133
Iran,2017,6.9,133
Iran,2016,7.1,133
Iran,2015,7.2,133
Iran,2014,7.2,133
Iran,2013,7.6,133
Iran,2012,7.5,133
Iran,2011,7.3,133
Iran,2009,5.3,133
Iran,2006,5,133
Iran,2005,5.3,133
Iran,1998,5.2,134
Iran,1994,5.5,134
Iran,1990,5.2,134
Iran,1986,4.6,134
Iraq,2012,8.8,135
Iraq,2006,9.3,135
Ireland,2021,8.9,18
Ireland,2020,9,18
Ireland,2019,8.6,18
Ireland,2018,8.7,18
Ireland,2017,8.4,18
Ireland,2016,7.9,18
Ireland,2015,8,18
Ireland,2014,7.9,18
Ireland,2013,7.3,18
Ireland,2012,7.5,18
Ireland,2011,7.5,18
Ireland,2010,7.6,18
Ireland,2009,7.7,18
Ireland,2008,8.2,18
Ireland,2007,8.2,18
Ireland,2006,7.9,18
Ireland,2005,7.7,18
Ireland,2004,7.6,18
Ireland,2003,7.7,18
Ireland,2002,7.7,136
Ireland,2000,7.9,137
Ireland,1996,7.2,137
Ireland,1995,6.9,137
Ireland,1994,7.1,137
Ireland,1987,7.1,138
Israel,2021,5.6,139
Israel,2020,5.5,139
Israel,2019,5.3,139
Israel,2018,5.3,139
Israel,2017,5.2,139
Israel,2016,5.2,139
Israel,2015,5.1,139
Israel,2014,5.1,139
Israel,2013,5.2,139
Israel,2012,4.9,139
Israel,2011,4.9,139
Israel,2010,4.8,139
Israel,2009,4.7,139
Israel,2008,4.9,139
Israel,2007,5,139
Israel,2006,4.9,139
Israel,2005,4.9,139
Israel,2004,4.9,139
Israel,2003,5.3,139
Israel,2002,5.6,139
Israel,2001,6,139
Israel,1997,6.2,139
Israel,1992,7,139
Israel,1986,6.6,139
Israel,1979,6.8,139
Italy,2021,6.5,18
Italy,2020,6.3,18
Italy,2019,6.3,18
Italy,2018,6.1,18
Italy,2017,6,18
Italy,2016,6.1,18
Italy,2015,5.9,18
Italy,2014,6.2,18
Italy,2013,6.2,18
Italy,2012,6.3,18
Italy,2011,6.4,18
Italy,2010,6.4,18
Italy,2009,6.7,18
Italy,2008,6.9,18
Italy,2007,7.1,18
Italy,2006,6.9,18
Italy,2005,6.8,18
Italy,2004,6.9,18
Italy,2003,6.7,18
Italy,2002,6.5,140
Italy,2000,6.4,140
Italy,1998,6,140
Italy,1995,6.4,140
Italy,1993,6.2,140
Italy,1991,7.8,140
Italy,1989,7.9,140
Italy,1987,6.8,140
Italy,1986,7.9,140
Italy,1984,7.9,140
Italy,1983,8.3,140
Italy,1982,8.6,140
Italy,1981,8.1,140
Italy,1980,7.8,140
Italy,1979,7.3,140
Italy,1978,7.4,140
Italy,1977,7.3,140
Jamaica,2021,5.7,141
Jamaica,2018,7.2,141
Jamaica,2004,5.3,20
Jamaica,2002,4.8,20
Jamaica,1999,5.5,20
Jamaica,1996,6.5,20
Jamaica,1993,6.8,142
Jamaica,1990,6.2,20
Jamaica,1988,5.4,142
Japan,2013,7.9,143
Japan,2010,8.3,143
Japan,2008,6.5,143
Jordan,2010,8.2,133
Jordan,2008,8.4,133
Jordan,2006,8,133
Jordan,2002,7.2,133
Jordan,1997,7.6,144
Jordan,1992,6,144
Jordan,1986,7.3,144
Kazakhstan,2021,9.8,1
Kazakhstan,2020,9.8,1
Kazakhstan,2019,9.8,1
Kazakhstan,2018,9.8,1
Kazakhstan,2017,9.8,1
Kazakhstan,2016,9.8,1
Kazakhstan,2015,10,1
Kazakhstan,2014,9.9,1
Kazakhstan,2013,9.8,1
Kazakhstan,2012,9.4,1
Kazakhstan,2011,9.5,1
Kazakhstan,2010,9.5,1
Kazakhstan,2009,9.4,1
Kazakhstan,2008,9.5,1
Kazakhstan,2007,8.9,1
Kazakhstan,2006,8.9,1
Kazakhstan,2005,5.9,1
Kazakhstan,2004,8.2,1
Kazakhstan,2003,7.5,1
Kazakhstan,2002,7.3,1
Kazakhstan,2001,6.7,1
Kazakhstan,1996,6.9,2
Kenya,2021,7.2,145
Kenya,2020,7.3,145
Kenya,2015,6.2,146
Kenya,2005,5,146
Kenya,1997,5.6,147
Kenya,1994,5.2,148
Kenya,1992,3.4,149
Kiribati,2019,9.5,150
Kiribati,2006,6.6,150
Korea,2021,7.5,151
Korea,2020,7.6,151
Korea,2019,7.4,151
Korea,2018,7.1,151
Korea,2017,6.7,151
Korea,2016,6.7,151
Korea,2014,7.6,152
Korea,2012,7.4,152
Korea,2010,7.4,152
Korea,2008,7.3,152
Korea,2006,7.4,152
Kosovo,2017,9.2,1
Kosovo,2016,9.4,1
Kosovo,2015,9.5,1
Kosovo,2014,9.1,1
Kosovo,2013,9.7,1
Kosovo,2012,8.8,1
Kosovo,2011,9,1
Kosovo,2010,7.8,1
Kosovo,2009,8,1
Kosovo,2006,8.5,1
Kosovo,2005,8.2,1
Kosovo,2003,9.1,1
Kyrgyz Republic,2022,10,153
Kyrgyz Republic,2021,9.5,153
Kyrgyz Republic,2020,9.4,153
Kyrgyz Republic,2019,9.6,153
Kyrgyz Republic,2018,9.9,153
Kyrgyz Republic,2017,9.9,153
Kyrgyz Republic,2016,10,153
Kyrgyz Republic,2015,9.5,153
Kyrgyz Republic,2014,10,153
Kyrgyz Republic,2013,9.3,153
Kyrgyz Republic,2012,9.6,153
Kyrgyz Republic,2011,9.7,153
Kyrgyz Republic,2010,8.7,153
Kyrgyz Republic,2009,9.1,153
Kyrgyz Republic,2008,8.4,153
Kyrgyz Republic,2007,7.6,153
Kyrgyz Republic,2006,7.3,153
Kyrgyz Republic,2005,8.4,153
Kyrgyz Republic,2004,7.7,153
Kyrgyz Republic,2003,9.3,1
Kyrgyz Republic,2002,8.6,1
Kyrgyz Republic,2001,8.8,1
Kyrgyz Republic,2000,8.6,1
Lao PDR,2018,7,154
Lao PDR,2012,7.6,154
Lao PDR,2007,8,154
Lao PDR,2002,8.6,154
Lao PDR,1997,8.1,154
Lao PDR,1992,8.2,154
Latvia,2021,7.1,18
Latvia,2020,6.9,18
Latvia,2019,7.1,18
Latvia,2018,7,18
Latvia,2017,6.7,18
Latvia,2016,7,18
Latvia,2015,7.1,18
Latvia,2014,6.6,18
Latvia,2013,6.5,18
Latvia,2012,6.5,18
Latvia,2011,6.4,18
Latvia,2010,6.2,18
Latvia,2009,5.9,18
Latvia,2008,6.1,18
Latvia,2007,6.4,18
Latvia,2006,6.8,18
Latvia,2005,5.9,18
Latvia,2004,6.5,18
Lebanon,2011,7.9,1
Lesotho,2017,4.6,155
Lesotho,2002,3.3,1
Lesotho,1994,1.6,156
Lesotho,1986,2.9,157
Liberia,2016,7.2,21
Liberia,2014,7.8,21
Liberia,2007,6.5,158
Lithuania,2021,7,18
Lithuania,2020,7.2,18
Lithuania,2019,7,18
Lithuania,2018,6.6,18
Lithuania,2017,6.3,18
Lithuania,2016,6,18
Lithuania,2015,6.1,18
Lithuania,2014,6,18
Lithuania,2013,6.7,18
Lithuania,2012,6.5,18
Lithuania,2011,7.1,18
Lithuania,2010,6.5,18
Lithuania,2009,5.7,18
Lithuania,2008,6.6,18
Lithuania,2007,6.8,18
Lithuania,2006,6.9,18
Lithuania,2005,6.4,18
Lithuania,2004,5.8,18
Luxembourg,2021,7.2,18
Luxembourg,2020,7.1,18
Luxembourg,2019,7.2,18
Luxembourg,2018,6.6,18
Luxembourg,2017,6.8,18
Luxembourg,2016,7.6,18
Luxembourg,2015,7.5,18
Luxembourg,2014,7.9,18
Luxembourg,2013,7.6,18
Luxembourg,2012,7.3,18
Luxembourg,2011,7.8,18
Luxembourg,2010,8.2,18
Luxembourg,2009,8,18
Luxembourg,2008,7.8,18
Luxembourg,2007,8.3,18
Luxembourg,2006,8.2,18
Luxembourg,2005,8.2,18
Luxembourg,2004,8.3,18
Luxembourg,2003,8.3,18
Luxembourg,2002,8.7,159
Luxembourg,2001,8.5,160
Luxembourg,2000,8.6,160
Luxembourg,1999,8.6,160
Luxembourg,1998,8.4,160
Luxembourg,1997,8.7,160
Luxembourg,1996,8.6,160
Luxembourg,1995,9.2,160
Luxembourg,1994,9.1,160
Luxembourg,1993,9.7,161
Luxembourg,1992,9.5,161
Luxembourg,1991,9.4,161
Luxembourg,1990,9.5,161
Luxembourg,1989,9.1,161
Luxembourg,1988,9.2,161
Luxembourg,1987,8.9,161
Luxembourg,1986,9.3,161
Luxembourg,1985,9.7,161
Madagascar,2012,5.8,162
Madagascar,2010,6.2,163
Madagascar,2005,6.7,163
Madagascar,2001,4.9,163
Madagascar,1999,6.3,163
Madagascar,1997,6.1,163
Madagascar,1993,5.5,163
Madagascar,1980,5,164
Malawi,2019,7,165
Malawi,2016,6.4,166
Malawi,2010,5.5,167
Malawi,2004,6.9,168
Malawi,1997,3.9,169
Malaysia,2021,5.9,170
Malaysia,2018,5.7,171
Malaysia,2015,5.8,170
Malaysia,2013,5.8,170
Malaysia,2011,5.2,170
Malaysia,2008,4.8,170
Malaysia,2006,5,170
Malaysia,2003,4.6,170
Malaysia,1997,4.4,172
Malaysia,1995,4.5,172
Malaysia,1992,4.7,172
Malaysia,1989,5.1,172
Malaysia,1987,4.9,172
Malaysia,1984,4.6,172
Maldives,2019,8.9,21
Maldives,2016,8.3,21
Maldives,2009,6.4,21
Maldives,2002,6.8,21
Mali,2021,7.6,29
Mali,2018,7.5,29
Mali,2009,8,173
Mali,2006,6.4,173
Mali,2001,6.3,174
Mali,1994,4.8,175
Malta,2020,8,18
Malta,2019,8.2,18
Malta,2018,8.6,18
Malta,2017,8.5,18
Malta,2016,8.6,18
Malta,2015,8.5,18
Malta,2014,8.6,18
Malta,2013,8.6,18
Malta,2012,8.4,18
Malta,2011,8.5,18
Malta,2010,8.4,18
Malta,2009,8.2,18
Malta,2008,8.5,18
Malta,2007,8.3,18
Malta,2006,8.6,18
Marshall Islands,2019,7.2,21
Mauritania,2019,7.8,176
Mauritania,2014,7.5,176
Mauritania,2008,6.7,176
Mauritania,2004,6.5,176
Mauritania,2000,6.2,176
Mauritania,1995,6.4,176
Mauritania,1993,5.2,177
Mauritania,1987,4.2,178
Mauritius,2017,7.2,1
Mauritius,2012,7,1
Mauritius,2006,7.6,1
Mexico,2022,5.6,179
Mexico,2020,5.3,179
Mexico,2018,5.2,179
Mexico,2016,5,179
Mexico,2014,4.7,180
Mexico,2012,4.4,180
Mexico,2010,4.6,180
Mexico,2008,3.9,180
Mexico,2006,4.2,180
Mexico,2005,3.8,180
Mexico,2004,4,180
Mexico,2002,4,180
Mexico,2000,3.4,180
Mexico,1998,3.3,180
Mexico,1996,3.8,180
Mexico,1994,3.7,180
Mexico,1992,4,180
Mexico,1989,4.3,180
Micronesia,2013,5.5,21
Micronesia,2005,5.6,21
Moldova,2021,10.1,1
Moldova,2019,10,1
Moldova,2018,10.2,1
Moldova,2017,10,1
Moldova,2016,10,1
Moldova,2015,9.7,1
Moldova,2014,9.7,1
Moldova,2013,9.2,1
Moldova,2012,9,1
Moldova,2011,8.5,1
Moldova,2010,8.1,1
Moldova,2009,7.6,1
Moldova,2008,7.3,1
Moldova,2007,7.4,1
Moldova,2006,7.1,1
Moldova,2005,7,1
Moldova,2004,7.4,1
Moldova,2003,7.6,1
Moldova,2002,7,1
Moldova,2001,6.7,1
Moldova,2000,6.9,1
Moldova,1999,6,1
Moldova,1998,6,1
Moldova,1997,6.6,1
Mongolia,2022,8.2,181
Mongolia,2018,7.9,181
Mongolia,2016,8,181
Mongolia,2014,8.1,181
Mongolia,2012,7.6,181
Mongolia,2011,7.8,181
Mongolia,2010,7.8,181
Mongolia,2007,7.3,181
Mongolia,2002,7.5,182
Mongolia,1998,7.7,183
Mongolia,1995,7.4,183
Montenegro,2021,6.2,184
Montenegro,2020,6.1,184
Montenegro,2019,5.9,184
Montenegro,2018,5.3,184
Montenegro,2017,5.2,184
Montenegro,2016,5.2,184
Montenegro,2015,5.2,184
Montenegro,2014,5.1,184
Montenegro,2013,5.2,184
Montenegro,2012,4.5,184
Morocco,2013,6.7,185
Morocco,2006,6.5,186
Morocco,2000,6.5,185
Morocco,1998,6.5,186
Morocco,1990,6.6,186
Morocco,1984,6.9,187
Mozambique,2019,4.6,188
Mozambique,2014,4.2,188
Mozambique,2008,5.3,188
Mozambique,2002,5.5,189
Mozambique,1996,4.2,190
Myanmar,2017,8.9,191
Myanmar,2015,7.3,192
Namibia,2015,2.8,193
Namibia,2009,3.3,193
Namibia,2003,3,193
Nauru,2012,8,21
Nepal,2022,8.7,194
Nepal,2010,8.3,195
Nepal,2003,6.5,196
Nepal,1995,7.8,197
Netherlands,2021,9.4,18
Netherlands,2020,9.2,18
Netherlands,2019,8.6,18
Netherlands,2018,8.9,18
Netherlands,2017,8.8,18
Netherlands,2016,8.8,18
Netherlands,2015,8.9,18
Netherlands,2014,8.8,18
Netherlands,2013,8.9,18
Netherlands,2012,9.1,18
Netherlands,2011,9.1,18
Netherlands,2010,9,18
Netherlands,2009,9,18
Netherlands,2008,8.7,18
Netherlands,2007,8.8,18
Netherlands,2006,8.7,18
Netherlands,2005,8.7,18
Netherlands,2004,8.4,18
Netherlands,1999,9.2,26
Netherlands,1993,8,26
Netherlands,1990,8.4,198
Netherlands,1987,9.8,198
Netherlands,1983,9,198
Nicaragua,2014,5.1,199
Nicaragua,2009,5.3,199
Nicaragua,2005,4.8,199
Nicaragua,2001,3.9,199
Nicaragua,1998,3.1,199
Nicaragua,1993,2.3,199
Niger,2021,8.7,29
Niger,2018,7.6,29
Niger,2014,7.8,200
Niger,2011,8.9,200
Niger,2007,7.7,201
Niger,2005,5.9,202
Niger,1994,6.1,203
Niger,1992,7.5,204
Nigeria,2018,7.1,205
Nigeria,2015,7,206
Nigeria,2012,7.1,207
Nigeria,2010,7.1,208
Nigeria,2003,5.7,205
Nigeria,1996,3.7,209
Nigeria,1992,4.1,209
Nigeria,1985,6,210
North Macedonia,2019,5.8,184
North Macedonia,2018,6.1,184
North Macedonia,2017,5.7,184
North Macedonia,2016,5.6,184
North Macedonia,2015,5.6,184
North Macedonia,2014,5.8,184
North Macedonia,2013,5.6,184
North Macedonia,2012,4.9,184
North Macedonia,2011,4.4,184
North Macedonia,2010,3.8,184
North Macedonia,2009,4.1,184
Norway,2019,8.8,18
Norway,2018,8.9,18
Norway,2017,8.9,18
Norway,2016,8.6,18
Norway,2015,9,18
Norway,2014,9.1,18
Norway,2013,9.3,18
Norway,2012,9.4,18
Norway,2011,9.5,18
Norway,2010,9.5,18
Norway,2009,9.4,18
Norway,2008,9.1,18
Norway,2007,9.4,18
Norway,2006,9.2,18
Norway,2005,9,18
Norway,2004,8.8,18
Norway,2003,9.5,18
Norway,2000,9.9,16
Norway,1995,9.9,16
Norway,1991,10.2,16
Norway,1986,10.3,16
Norway,1979,9.6,16
Pakistan,2018,9.6,21
Pakistan,2015,9.3,21
Pakistan,2013,9.5,21
Pakistan,2011,9.7,21
Pakistan,2010,9.9,21
Pakistan,2007,9.7,21
Pakistan,2005,9.3,21
Pakistan,2004,9.2,21
Pakistan,2001,9.8,211
Pakistan,1998,8.7,21
Pakistan,1996,10,212
Pakistan,1990,8.1,21
Pakistan,1987,8.3,21
Panama,2023,3.7,33
Panama,2021,3.7,33
Panama,2019,3.6,33
Panama,2018,3.6,33
Panama,2017,3.4,33
Panama,2016,3.3,33
Panama,2015,3.4,33
Panama,2014,3.4,33
Panama,2013,3.3,33
Panama,2012,3.2,33
Panama,2011,3.4,33
Panama,2010,3.3,33
Panama,2009,3.5,33
Panama,2008,3.2,33
Panama,2007,3,33
Panama,2006,2.5,33
Panama,2005,2.7,33
Panama,2004,2.6,33
Panama,2003,2.5,33
Panama,2002,2.5,33
Panama,2001,2,33
Panama,2000,2.2,33
Panama,1999,2,33
Panama,1998,1.7,33
Panama,1997,1.7,33
Panama,1995,1.5,33
Panama,1991,1.3,213
Panama,1989,1,213
Panama,1979,3.9,214
Papua New Guinea,2009,5.1,21
Papua New Guinea,1996,4.9,21
Paraguay,2022,5,215
Paraguay,2021,5.5,215
Paraguay,2020,5.3,215
Paraguay,2019,4.8,215
Paraguay,2018,4.8,215
Paraguay,2017,4.7,215
Paraguay,2016,4.5,215
Paraguay,2015,4.3,215
Paraguay,2014,4,215
Paraguay,2013,4.4,215
Paraguay,2012,4.2,215
Paraguay,2011,3.5,215
Paraguay,2010,3.8,215
Paraguay,2009,4,215
Paraguay,2008,4.1,215
Paraguay,2007,3.6,215
Paraguay,2006,3.6,215
Paraguay,2005,3.9,215
Paraguay,2004,4,215
Paraguay,2003,3.4,215
Paraguay,2002,2.9,215
Paraguay,2001,3.1,216
Paraguay,1999,2.8,215
Paraguay,1997,2.5,216
Paraguay,1995,2.4,33
Paraguay,1990,5.8,33
Peru,2022,5.7,75
Peru,2021,5.8,75
Peru,2020,4.8,75
Peru,2019,5.2,75
Peru,2018,5,75
Peru,2017,4.7,75
Peru,2016,4.6,75
Peru,2015,4.7,75
Peru,2014,4.7,75
Peru,2013,4.5,75
Peru,2012,4.4,75
Peru,2011,4.4,75
Peru,2010,4.3,75
Peru,2009,4,75
Peru,2008,3.8,75
Peru,2007,3.5,75
Peru,2006,3.5,75
Peru,2005,3.6,75
Peru,2004,3.7,75
Peru,2003,3.6,75
Peru,2002,3.2,75
Peru,2001,3.4,75
Peru,2000,3.5,75
Peru,1999,2.9,75
Peru,1998,2.9,75
Peru,1997,3,75
Philippines,2021,6.5,217
Philippines,2018,6.2,217
Philippines,2015,5.6,217
Philippines,2012,5.2,217
Philippines,2009,5.3,217
Philippines,2006,5,217
Philippines,2003,5.2,217
Philippines,2000,5.1,217
Poland,2021,8.6,18
Poland,2020,8.6,18
Poland,2019,8.6,18
Poland,2018,8.2,18
Poland,2017,8.3,18
Poland,2016,8,18
Poland,2015,7.4,18
Poland,2014,7.3,18
Poland,2013,7.2,18
Poland,2012,7.3,18
Poland,2011,7.3,18
Poland,2010,7.3,18
Poland,2009,7.3,18
Poland,2008,7.3,18
Poland,2007,7.2,18
Poland,2006,6.8,18
Poland,2005,6.4,18
Poland,2004,5.7,18
Portugal,2021,7.4,18
Portugal,2020,6.9,18
Portugal,2019,7.6,18
Portugal,2018,7.4,18
Portugal,2017,7.4,18
Portugal,2016,6.9,18
Portugal,2015,6.7,18
Portugal,2014,6.5,18
Portugal,2013,6.2,18
Portugal,2012,6.5,18
Portugal,2011,6.8,18
Portugal,2010,7,18
Portugal,2009,7.2,18
Portugal,2008,6.9,18
Portugal,2007,6.9,18
Portugal,2006,6.7,18
Portugal,2005,6.7,18
Portugal,2004,6.4,18
Portugal,2003,6.2,18
Qatar,2017,6.5,218
Romania,2021,6,18
Romania,2020,5.6,18
Romania,2019,5.7,18
Romania,2018,5.4,18
Romania,2017,5.3,18
Romania,2016,5.6,18
Romania,2015,5.1,18
Romania,2014,4.9,18
Romania,2013,5,18
Romania,2012,5.3,18
Romania,2011,5.6,18
Romania,2010,5.7,18
Romania,2009,6,18
Romania,2008,5.8,18
Romania,2007,5.5,18
Romania,2006,5,18
Russia,2021,6.9,219
Russia,2020,7.4,219
Russia,2019,6.7,219
Russia,2018,6.7,219
Russia,2017,6.5,219
Russia,2016,6.2,219
Russia,2015,6.2,219
Russia,2014,6.2,219
Rwanda,2016,6,220
Rwanda,2013,6,221
Rwanda,2010,5.6,222
Rwanda,2005,4.6,223
Rwanda,2000,5.2,224
SÃ£o TomÃ© and Principe,2017,6.4,225
SÃ£o TomÃ© and Principe,2010,8.4,225
SÃ£o TomÃ© and Principe,2000,8,225
Samoa,2013,6.8,21
Samoa,2008,6.4,21
Samoa,2002,6.3,21
Senegal,2021,7.3,29
Senegal,2018,7.1,29
Senegal,2011,6.1,226
Senegal,2005,6.2,227
Senegal,2001,6.6,228
Senegal,1994,6.8,229
Senegal,1991,3.5,177
Serbia,2021,7.1,18
Serbia,2020,6.6,18
Serbia,2019,6.4,18
Serbia,2018,5.9,18
Serbia,2017,5.2,18
Serbia,2016,4.5,18
Serbia,2015,4.4,18
Serbia,2014,4.3,18
Serbia,2013,4.7,18
Serbia,2012,4.7,18
Seychelles,2018,7.1,230
Seychelles,2013,5.4,230
Sierra Leone,2018,7.9,231
Sierra Leone,2011,7.9,231
Sierra Leone,2003,6.6,231
Slovak Republic,2021,9.1,18
Slovak Republic,2020,9.1,18
Slovak Republic,2019,9.5,18
Slovak Republic,2018,8.8,18
Slovak Republic,2017,9.4,18
Slovak Republic,2016,8.7,18
Slovak Republic,2015,8.5,18
Slovak Republic,2014,8.4,18
Slovak Republic,2013,8.3,18
Slovak Republic,2012,8.6,18
Slovak Republic,2011,8.7,18
Slovak Republic,2010,8.5,18
Slovak Republic,2009,8.6,18
Slovak Republic,2008,9.2,18
Slovak Republic,2007,9.5,18
Slovak Republic,2006,9.3,18
Slovak Republic,2005,8.7,18
Slovak Republic,2004,8.7,18
Slovenia,2021,10.2,18
Slovenia,2020,10.3,18
Slovenia,2019,10.1,18
Slovenia,2018,10.1,18
Slovenia,2017,10,18
Slovenia,2016,9.7,18
Slovenia,2015,9.6,18
Slovenia,2014,9.4,18
Slovenia,2013,9.2,18
Slovenia,2012,9.4,18
Slovenia,2011,9.7,18
Slovenia,2010,9.7,18
Slovenia,2009,9.9,18
Slovenia,2008,10.2,18
Slovenia,2007,10,18
Slovenia,2006,10,18
Slovenia,2005,9.9,18
Slovenia,2004,9.8,18
Solomon Islands,2012,7,21
Solomon Islands,2005,5,21
South Africa,2014,2.4,232
South Africa,2010,2.5,233
South Africa,2008,2.6,232
South Africa,2005,2.6,233
South Africa,2000,3.1,40
South Africa,1993,2.9,234
South Sudan,2016,4.9,235
South Sudan,2009,3.9,236
Spain,2021,6.4,18
Spain,2020,6,18
Spain,2019,6.2,18
Spain,2018,6.2,18
Spain,2017,6.2,18
Spain,2016,5.8,18
Spain,2015,5.8,18
Spain,2014,5.7,18
Spain,2013,5.7,18
Spain,2012,6.1,18
Spain,2011,6,18
Spain,2010,6.3,18
Spain,2009,6.3,18
Spain,2008,6.6,18
Spain,2007,6.7,18
Spain,2006,6.7,18
Spain,2005,7,18
Spain,2004,6.9,18
Spain,2003,7.2,18
Spain,2000,7,19
Spain,1999,7.2,19
Spain,1998,6.7,19
Spain,1997,6.6,19
Spain,1996,6.1,19
Spain,1995,6.5,19
Spain,1994,6.6,19
Spain,1993,6.5,19
Spain,1990,7.8,237
Spain,1985,7.3,237
Spain,1980,7,237
Sri Lanka,2019,7.4,21
Sri Lanka,2016,7.1,21
Sri Lanka,2012,7.3,21
Sri Lanka,2009,7.8,21
Sri Lanka,2006,7,21
Sri Lanka,2002,7,21
Sri Lanka,1995,8,238
Sri Lanka,1990,8.7,21
Sri Lanka,1985,8.3,239
St. Lucia,2015,5.5,240
Sudan,2014,7.8,236
Sudan,2009,6.8,236
Suriname,2022,5.9,241
Sweden,2021,7.8,18
Sweden,2020,8.2,18
Sweden,2019,8.1,18
Sweden,2018,7.8,18
Sweden,2017,8.3,18
Sweden,2016,8.1,18
Sweden,2015,8.2,18
Sweden,2014,8.4,18
Sweden,2013,8.1,18
Sweden,2012,8.5,18
Sweden,2011,8.5,18
Sweden,2010,8.6,18
Sweden,2009,8.6,18
Sweden,2008,8.6,18
Sweden,2007,8.9,18
Sweden,2006,9.2,18
Sweden,2005,8.7,18
Sweden,2004,9.3,18
Sweden,2003,9.4,18
Sweden,2002,9.7,242
Sweden,2001,9.8,242
Sweden,2000,9.6,242
Sweden,1995,9.5,242
Sweden,1992,9.8,242
Sweden,1987,10.5,242
Sweden,1981,10.1,242
Sweden,1975,10.1,242
Switzerland,2020,7.5,18
Switzerland,2019,7.4,18
Switzerland,2018,7.5,18
Switzerland,2017,7.7,18
Switzerland,2016,7.7,18
Switzerland,2015,7.8,18
Switzerland,2014,7.8,18
Switzerland,2013,7.9,18
Switzerland,2012,8.1,18
Switzerland,2011,7.9,18
Switzerland,2010,7.8,18
Switzerland,2009,7.8,18
Switzerland,2008,7.5,18
Switzerland,2007,7.4,18
Switzerland,2006,7.4,18
Switzerland,2004,8.2,243
Switzerland,2002,8.2,243
Switzerland,2000,7.9,243
Switzerland,1992,7.6,244
Switzerland,1982,7.5,245
Syrian Arab Republic,2022,9.2,246
Syrian Arab Republic,2009,6.3,247
Syrian Arab Republic,2006,6.1,247
Syrian Arab Republic,2003,7.2,150
Syrian Arab Republic,1996,7.8,150
TÃ¼rkiye,2021,5.2,184
TÃ¼rkiye,2020,5.3,184
TÃ¼rkiye,2019,5.2,184
TÃ¼rkiye,2018,5.4,184
TÃ¼rkiye,2017,5.4,184
Tajikistan,2015,7.4,248
Tajikistan,2009,8.4,249
Tajikistan,2007,7.4,249
Tajikistan,2004,7.8,1
Tajikistan,2003,7.9,249
Tajikistan,1999,8.3,249
Tanzania,2018,6.9,1
Tanzania,2011,7.4,1
Tanzania,2007,6.3,1
Tanzania,2000,6.8,1
Tanzania,1991,7.2,1
Thailand,2021,7.6,238
Thailand,2020,7.5,238
Thailand,2019,7.7,238
Thailand,2018,7.2,238
Thailand,2017,7.3,238
Thailand,2016,7.3,238
Thailand,2015,7.5,238
Thailand,2014,7.1,238
Thailand,2013,6.9,238
Thailand,2012,6.7,238
Thailand,2011,7.2,238
Thailand,2010,6.6,238
Thailand,2009,6.5,238
Thailand,2008,6.4,238
Thailand,2007,6.5,238
Thailand,2006,6,238
Thailand,2004,6.1,238
Thailand,2002,6.3,238
Thailand,2000,6.2,238
Thailand,1999,6.1,238
Thailand,1998,6.4,238
Thailand,1996,6.2,238
Thailand,1994,6.1,238
Thailand,1992,5.4,238
Thailand,1990,5.9,238
Thailand,1988,6.1,250
Thailand,1981,5.4,250
The Gambia,2020,6.6,212
The Gambia,2015,7.4,212
The Gambia,2010,5.7,212
The Gambia,2003,4.8,99
The Gambia,1998,4.5,251
Timor-Leste,2014,9.4,252
Timor-Leste,2007,9.5,252
Timor-Leste,2001,7.3,253
Togo,2021,6.8,29
Togo,2018,5.8,29
Togo,2015,5.1,31
Togo,2011,4.8,31
Togo,2006,6.1,31
Tonga,2021,9.3,21
Tonga,2015,7.7,21
Tonga,2009,6.7,21
Tonga,2000,6.3,21
Trinidad and Tobago,1992,5.5,254
Trinidad and Tobago,1988,4.9,255
Tunisia,2021,7.7,256
Tunisia,2015,7.8,256
Tunisia,2010,6.7,256
Tunisia,2005,6.4,256
Tunisia,2000,6,257
Tunisia,1995,5.7,257
Tunisia,1990,5.9,258
Tunisia,1985,5.5,258
Turkmenistan,1998,6.1,2
Tuvalu,2010,6.6,150
Uganda,2019,6.1,259
Uganda,2016,6.1,259
Uganda,2012,6.4,259
Uganda,2009,5.9,259
Uganda,2005,6.1,259
Uganda,2002,5.9,259
Uganda,1999,5.9,260
Uganda,1996,6.8,260
Uganda,1992,6.2,260
Uganda,1989,4.9,157
Ukraine,2020,10,261
Ukraine,2019,9.7,261
Ukraine,2018,9.9,261
Ukraine,2017,9.8,261
Ukraine,2016,10.1,261
Ukraine,2015,10,261
Ukraine,2014,10.5,261
Ukraine,2013,10.3,261
Ukraine,2012,10.2,261
Ukraine,2011,10.2,261
Ukraine,2010,10.2,261
Ukraine,2009,10,261
Ukraine,2008,9.6,261
Ukraine,2007,9.5,261
Ukraine,2006,8.8,261
Ukraine,2005,8.8,261
Ukraine,2004,8.8,261
Ukraine,2003,9.1,261
Ukraine,2002,8.8,261
Ukraine,1996,7.1,21
Ukraine,1995,6.2,40
Ukraine,1993,8.8,262
Ukraine,1992,8,262
United Arab Emirates,2018,8.2,218
United Arab Emirates,2013,6.2,218
United Kingdom,2021,7.7,263
United Kingdom,2020,7.7,263
United Kingdom,2019,7.5,263
United Kingdom,2018,7.4,263
United Kingdom,2017,7.6,263
United Kingdom,2016,7.6,263
United Kingdom,2015,7.6,263
United Kingdom,2014,7.7,263
United Kingdom,2013,7.9,263
United Kingdom,2012,7.7,263
United Kingdom,2011,7.7,263
United Kingdom,2010,7.6,263
United Kingdom,2009,7.3,263
United Kingdom,2008,7.2,263
United Kingdom,2007,7.3,263
United Kingdom,2006,7.2,263
United Kingdom,2005,7.2,263
United Kingdom,2004,7.4,263
United Kingdom,2003,7.4,263
United Kingdom,2002,7.3,263
United Kingdom,2001,7,263
United Kingdom,2000,6.8,263
United Kingdom,1999,6.9,263
United Kingdom,1998,7,263
United Kingdom,1997,7.1,263
United Kingdom,1996,7.2,263
United Kingdom,1995,7.2,263
United Kingdom,1994,7.1,263
United Kingdom,1993,7.1,264
United Kingdom,1992,7.2,264
United Kingdom,1991,7.3,264
United Kingdom,1990,7.2,264
United Kingdom,1989,7.7,264
United Kingdom,1988,7.8,264
United Kingdom,1987,7.9,264
United Kingdom,1986,8.2,264
United Kingdom,1985,8.6,264
United Kingdom,1984,8.8,264
United Kingdom,1983,8.8,264
United Kingdom,1982,8.8,264
United Kingdom,1981,8.8,264
United Kingdom,1980,9.2,264
United Kingdom,1979,9.6,264
United Kingdom,1978,9.5,264
United Kingdom,1977,9.7,264
United Kingdom,1976,9.5,264
United Kingdom,1975,9.4,264
United Kingdom,1974,9.2,264
United Kingdom,1973,9.4,264
United Kingdom,1972,9.1,264
United Kingdom,1971,9.2,264
United Kingdom,1970,9.7,264
United Kingdom,1969,9.6,264
United Kingdom,1968,10,264
United States,2022,5.2,265
United States,2021,6.1,265
United States,2020,5.7,265
United States,2019,5.2,265
United States,2018,5.3,265
United States,2017,5.3,265
United States,2016,5.3,265
United States,2015,5.4,265
United States,2014,5.3,265
United States,2013,5.4,265
United States,2012,5.3,265
United States,2011,5.3,265
United States,2010,5.4,265
United States,2009,5.5,265
United States,2008,5.3,265
United States,2007,5.3,265
United States,2006,5.3,265
United States,2005,5.4,265
United States,2004,5.4,265
United States,2003,5.3,265
United States,2002,5.4,265
United States,2001,5.5,266
United States,2000,5.6,266
United States,1999,5.6,266
United States,1998,5.5,266
United States,1997,5.5,266
United States,1996,5.5,266
United States,1995,5.6,266
United States,1994,5.5,266
United States,1993,5.3,266
United States,1992,5.6,266
United States,1991,5.7,266
United States,1990,5.7,266
United States,1989,5.7,266
United States,1988,5.7,266
United States,1987,5.7,266
United States,1986,5.6,266
United States,1985,5.7,266
United States,1984,5.7,266
United States,1983,5.6,266
United States,1982,5.9,266
United States,1981,6.3,266
United States,1980,6.5,266
United States,1979,6.5,266
United States,1978,6.3,266
United States,1977,6.3,266
United States,1976,6.2,266
United States,1975,6.1,266
United States,1974,6.2,266
United States,1973,6,266
United States,1972,5.9,266
United States,1971,6,266
United States,1970,6,266
United States,1969,6.2,266
United States,1968,6.1,266
United States,1967,6,266
United States,1966,5.6,266
United States,1965,5.8,266
United States,1964,5.7,266
United States,1963,5.7,266
Uruguay,2022,5.6,34
Uruguay,2021,5.7,267
Uruguay,2020,5.7,34
Uruguay,2019,5.8,34
Uruguay,2018,5.9,34
Uruguay,2017,5.9,34
Uruguay,2016,5.7,34
Uruguay,2015,5.6,34
Uruguay,2014,5.6,34
Uruguay,2013,5.5,34
Uruguay,2012,5.6,34
Uruguay,2011,5.4,34
Uruguay,2010,5,34
Uruguay,2009,4.8,34
Uruguay,2008,5,34
Uruguay,2007,4.8,34
Uruguay,2006,4.9,34
Uruguay,2005,4.8,268
Uruguay,2004,4.7,268
Uruguay,2003,5.1,268
Uruguay,2002,4.7,268
Uruguay,2001,4.8,268
Uruguay,2000,5.1,268
Uruguay,1998,5.1,268
Uruguay,1997,5.4,268
Uruguay,1996,5.4,268
Uruguay,1995,5.4,268
Uruguay,1992,5.4,268
Uruguay,1989,5.3,71
Uruguay,1981,5,71
Uzbekistan,2022,7.2,1
Uzbekistan,2003,7.4,1
Uzbekistan,2002,8.2,1
Uzbekistan,2000,7.2,1
Uzbekistan,1998,4.2,1
Vanuatu,2019,7.6,269
Vanuatu,2010,6.8,21
Venezuela,2006,4.3,270
Venezuela,2005,2.9,270
Venezuela,2004,3.5,270
Venezuela,2003,3.4,270
Venezuela,2002,3.4,270
Venezuela,2001,4,270
Venezuela,1999,3.8,270
Venezuela,1998,3.7,270
Venezuela,1995,4.1,270
Venezuela,1992,5.1,270
Venezuela,1989,4.5,270
Venezuela,1987,3.4,271
Venezuela,1981,3.1,271
Viet Nam,2022,6.8,272
Viet Nam,2020,6.6,272
Viet Nam,2018,6.7,272
Viet Nam,2016,6.9,272
Viet Nam,2014,7.1,272
Viet Nam,2012,7.1,272
Viet Nam,2010,6.5,272
Viet Nam,2008,7.4,272
Viet Nam,2006,7.2,272
Viet Nam,2004,7.2,272
Viet Nam,2002,7.5,272
Viet Nam,1997,8,273
Viet Nam,1992,7.8,273
West Bank and Gaza,2016,7.3,274
West Bank and Gaza,2011,7.7,274
West Bank and Gaza,2010,7.5,274
West Bank and Gaza,2009,7.7,274
West Bank and Gaza,2007,7.1,274
West Bank and Gaza,2006,7.8,274
West Bank and Gaza,2005,7.3,274
West Bank and Gaza,2004,7.5,274
Yemen,2014,7.3,275
Yemen,2005,7.9,275
Yemen,1998,7.1,275
Zambia,2022,3.9,276
Zambia,2015,3.1,277
Zambia,2010,4.1,278
Zambia,2006,3.6,279
Zambia,2004,3.6,280
Zambia,2002,6.1,281
Zambia,1998,4.3,282
Zambia,1996,4.5,283
Zambia,1993,3.1,157
Zambia,1991,1.7,1
Zimbabwe,2017,6,284
Zimbabwe,2011,5.8,285
