STRUCTURE,STRUCTURE_ID,STRUCTURE_NAME,ACTION,REF_AREA,Zone de référence,FREQ,Fréquence d'observation,MEASURE,Mesure,STATISTICAL_OPERATION,Opération statistique,UNIT_MEASURE,Unité de mesure,AGE,Âge,METHODOLOGY,Méthodologie,DEFINITION,Définition,POVERTY_LINE,Ligne de pauvreté,TIME_PERIOD,Période temporelle,OBS_VALUE,Valeur d'observation,OBS_STATUS,Statut d'observation,UNIT_MULT,Multiplicateur d'unité,CURRENCY,Monnaie,DECIMALS,Décimales,PRICE_BASE,Type de prix,BASE_PER,Période de base,CONF_STATUS,Statut de confidentialité
DATAFLOW,OECD.WISE.INE:DSD_WISE_IDD@DF_IDD(1.0),Base de données sur la distribution des revenus,I,AUS,Australie,A,Annuelle,INC_DISP_GINI,,_Z,,0_TO_1,Échelle 0-1,_T,Total,METH2011,,D_CUR,,_Z,,1995,,0.309,,A,,,,,,3,,,,,,,
DATAFLOW,OECD.WISE.INE:DSD_WISE_IDD@DF_IDD(1.0),Base de données sur la distribution des revenus,I,AUS,Australie,A,Annuelle,INC_DISP_GINI,,_Z,,0_TO_1,Échelle 0-1,_T,Total,METH2011,,D_CUR,,_Z,,2000,,0.317,,A,,,,,,3,,,,,,,
DATAFLOW,OECD.WISE.INE:DSD_WISE_IDD@DF_IDD(1.0),Base de données sur la distribution des revenus,I,AUS,Australie,A,Annuelle,INC_DISP_GINI,,_Z,,0_TO_1,Échelle 0-1,_T,Total,METH2011,,D_CUR,,_Z,,2004,,0.315,,A,,,,,,3,,,,,,,
DATAFLOW,OECD.WISE.INE:DSD_WISE_IDD@DF_IDD(1.0),Base de données sur la distribution des revenus,I,AUS,Australie,A,Annuelle,INC_DISP_GINI,,_Z,,0_TO_1,Échelle 0-1,_T,Total,METH2011,,D_CUR,,_Z,,2008,,0.336,,A,,,,,,3,,,,,,,
DATAFLOW,OECD.WISE.INE:DSD_WISE_IDD@DF_IDD(1.0),Base de données sur la distribution des revenus,I,AUS,Australie,A,Annuelle,INC_DISP_GINI,,_Z,,0_TO_1,Échelle 0-1,_T,Total,METH2011,,D_CUR,,_Z,,2010,,0.334,,A,,,,,,3,,,,,,,
DATAFLOW,OECD.WISE.INE:DSD_WISE_IDD@DF_IDD(1.0),Base de données sur la distribution des revenus,I,AUS,Australie,A,Annuelle,INC_DISP_GINI,,_Z,,0_TO_1,Échelle 0-1,_T,Total,METH2011,,D_CUR,,_Z,,2012,,0.324,,A,,,,,,3,,,,,,,
DATAFLOW,OECD.WISE.INE:DSD_WISE_IDD@DF_IDD(1.0),Base de données sur la distribution des revenus,I,BEL,Belgique,A,Annuelle,INC_DISP_GINI,,_Z,,0_TO_1,Échelle 0-1,_T,Total,METH2011,,D_CUR,,_Z,,2004,,0.287,,A,,,,,,3,,,,,,,
DATAFLOW,OECD.WISE.INE:DSD_WISE_IDD@DF_IDD(1.0),Base de données sur la distribution des revenus,I,BEL,Belgique,A,Annuelle,INC_DISP_GINI,,_Z,,0_TO_1,Échelle 0-1,_T,Total,METH2011,,D_CUR,,_Z,,2005,,0.277,,A,,,,,,3,,,,,,,
DATAFLOW,OECD.WISE.INE:DSD_WISE_IDD@DF_IDD(1.0),Base de données sur la distribution des revenus,I,BEL,Belgique,A,Annuelle,INC_DISP_GINI,,_Z,,0_TO_1,Échelle 0-1,_T,Total,METH2011,,D_CUR,,_Z,,2006,,0.264,,A,,,,,,3,,,,,,,
DATAFLOW,OECD.WISE.INE:DSD_WISE_IDD@DF_IDD(1.0),Base de données sur la distribution des revenus,I,BEL,Belgique,A,Annuelle,INC_DISP_GINI,,_Z,,0_TO_1,Échelle 0-1,_T,Total,METH2011,,D_CUR,,_Z,,2007,,0.274,,A,,,,,,3,,,,,,,
DATAFLOW,OECD.WISE.INE:DSD_WISE_IDD@DF_IDD(1.0),Base de données sur la distribution des revenus,I,BEL,Belgique,A,Annuelle,INC_DISP_GINI,,_Z,,0_TO_1,Échelle 0-1,_T,Total,METH2011,,D_CUR,,_Z,,2008,,0.262,,A,,,,,,3,,,,,,,
DATAFLOW,OECD.WISE.INE:DSD_WISE_IDD@DF_IDD(1.0),Base de données sur la distribution des revenus,I,BEL,Belgique,A,Annuelle,INC_DISP_GINI,,_Z,,0_TO_1,Échelle 0-1,_T,Total,METH2011,,D_CUR,,_Z,,2009,,0.269,,A,,,,,,3,,,,,,,
DATAFLOW,OECD.WISE.INE:DSD_WISE_IDD@DF_IDD(1.0),Base de données sur la distribution des revenus,I,BEL,Belgique,A,Annuelle,INC_DISP_GINI,,_Z,,0_TO_1,Échelle 0-1,_T,Total,METH2011,,D_CUR,,_Z,,2010,,0.264,,A,,,,,,3,,,,,,,
DATAFLOW,OECD.WISE.INE:DSD_WISE_IDD@DF_IDD(1.0),Base de données sur la distribution des revenus,I,BEL,Belgique,A,Annuelle,INC_DISP_GINI,,_Z,,0_TO_1,Échelle 0-1,_T,Total,METH2011,,D_CUR,,_Z,,2011,,0.266,,A,,,,,,3,,,,,,,
DATAFLOW,OECD.WISE.INE:DSD_WISE_IDD@DF_IDD(1.0),Base de données sur la distribution des revenus,I,BEL,Belgique,A,Annuelle,INC_DISP_GINI,,_Z,,0_TO_1,Échelle 0-1,_T,Total,METH2011,,D_CUR,,_Z,,2012,,0.262,,A,,,,,,3,,,,,,,
DATAFLOW,OECD.WISE.INE:DSD_WISE_IDD@DF_IDD(1.0),Base de données sur la distribution des revenus,I,BEL,Belgique,A,Annuelle,INC_DISP_GINI,,_Z,,0_TO_1,Échelle 0-1,_T,Total,METH2011,,D_CUR,,_Z,,2013,,0.261,,A,,,,,,3,,,,,,,
DATAFLOW,OECD.WISE.INE:DSD_WISE_IDD@DF_IDD(1.0),Base de données sur la distribution des revenus,I,CHL,Chili,A,Annuelle,INC_DISP_GINI,,_Z,,0_TO_1,Échelle 0-1,_T,Total,METH2011,,D_CUR,,_Z,,2006,,0.511,,A,,,,,,3,,,,,,,
DATAFLOW,OECD.WISE.INE:DSD_WISE_IDD@DF_IDD(1.0),Base de données sur la distribution des revenus,I,CHL,Chili,A,Annuelle,INC_DISP_GINI,,_Z,,0_TO_1,Échelle 0-1,_T,Total,METH2011,,D_CUR,,_Z,,2009,,0.51,,A,,,,,,3,,,,,,,
DATAFLOW,OECD.WISE.INE:DSD_WISE_IDD@DF_IDD(1.0),Base de données sur la distribution des revenus,I,CHL,Chili,A,Annuelle,INC_DISP_GINI,,_Z,,0_TO_1,Échelle 0-1,_T,Total,METH2011,,D_CUR,,_Z,,2011,,0.503,,A,,,,,,3,,,,,,,
DATAFLOW,OECD.WISE.INE:DSD_WISE_IDD@DF_IDD(1.0),Base de données sur la distribution des revenus,I,CZE,Tchéquie,A,Annuelle,INC_DISP_GINI,,_Z,,0_TO_1,Échelle 0-1,_T,Total,METH2011,,D_CUR,,_Z,,1992,,0.232,,A,,,,,,3,,,,,,,
DATAFLOW,OECD.WISE.INE:DSD_WISE_IDD@DF_IDD(1.0),Base de données sur la distribution des revenus,I,CZE,Tchéquie,A,Annuelle,INC_DISP_GINI,,_Z,,0_TO_1,Échelle 0-1,_T,Total,METH2011,,D_CUR,,_Z,,1996,,0.257,,A,,,,,,3,,,,,,,
DATAFLOW,OECD.WISE.INE:DSD_WISE_IDD@DF_IDD(1.0),Base de données sur la distribution des revenus,I,CZE,Tchéquie,A,Annuelle,INC_DISP_GINI,,_Z,,0_TO_1,Échelle 0-1,_T,Total,METH2011,,D_CUR,,_Z,,2002,,0.26,,A,,,,,,3,,,,,,,
DATAFLOW,OECD.WISE.INE:DSD_WISE_IDD@DF_IDD(1.0),Base de données sur la distribution des revenus,I,CZE,Tchéquie,A,Annuelle,INC_DISP_GINI,,_Z,,0_TO_1,Échelle 0-1,_T,Total,METH2011,,D_CUR,,_Z,,2004,,0.269,,A,,,,,,3,,,,,,,
DATAFLOW,OECD.WISE.INE:DSD_WISE_IDD@DF_IDD(1.0),Base de données sur la distribution des revenus,I,CZE,Tchéquie,A,Annuelle,INC_DISP_GINI,,_Z,,0_TO_1,Échelle 0-1,_T,Total,METH2011,,D_CUR,,_Z,,2005,,0.261,,A,,,,,,3,,,,,,,
DATAFLOW,OECD.WISE.INE:DSD_WISE_IDD@DF_IDD(1.0),Base de données sur la distribution des revenus,I,CZE,Tchéquie,A,Annuelle,INC_DISP_GINI,,_Z,,0_TO_1,Échelle 0-1,_T,Total,METH2011,,D_CUR,,_Z,,2006,,0.261,,A,,,,,,3,,,,,,,
DATAFLOW,OECD.WISE.INE:DSD_WISE_IDD@DF_IDD(1.0),Base de données sur la distribution des revenus,I,CZE,Tchéquie,A,Annuelle,INC_DISP_GINI,,_Z,,0_TO_1,Échelle 0-1,_T,Total,METH2011,,D_CUR,,_Z,,2007,,0.257,,A,,,,,,3,,,,,,,
DATAFLOW,OECD.WISE.INE:DSD_WISE_IDD@DF_IDD(1.0),Base de données sur la distribution des revenus,I,CZE,Tchéquie,A,Annuelle,INC_DISP_GINI,,_Z,,0_TO_1,Échelle 0-1,_T,Total,METH2011,,D_CUR,,_Z,,2008,,0.26,,A,,,,,,3,,,,,,,
DATAFLOW,OECD.WISE.INE:DSD_WISE_IDD@DF_IDD(1.0),Base de données sur la distribution des revenus,I,CZE,Tchéquie,A,Annuelle,INC_DISP_GINI,,_Z,,0_TO_1,Échelle 0-1,_T,Total,METH2011,,D_CUR,,_Z,,2009,,0.258,,A,,,,,,3,,,,,,,
DATAFLOW,OECD.WISE.INE:DSD_WISE_IDD@DF_IDD(1.0),Base de données sur la distribution des revenus,I,CZE,Tchéquie,A,Annuelle,INC_DISP_GINI,,_Z,,0_TO_1,Échelle 0-1,_T,Total,METH2011,,D_CUR,,_Z,,2010,,0.258,,A,,,,,,3,,,,,,,
DATAFLOW,OECD.WISE.INE:DSD_WISE_IDD@DF_IDD(1.0),Base de données sur la distribution des revenus,I,CZE,Tchéquie,A,Annuelle,INC_DISP_GINI,,_Z,,0_TO_1,Échelle 0-1,_T,Total,METH2011,,D_CUR,,_Z,,2011,,0.256,,A,,,,,,3,,,,,,,
DATAFLOW,OECD.WISE.INE:DSD_WISE_IDD@DF_IDD(1.0),Base de données sur la distribution des revenus,I,CZE,Tchéquie,A,Annuelle,INC_DISP_GINI,,_Z,,0_TO_1,Échelle 0-1,_T,Total,METH2011,,D_CUR,,_Z,,2012,,0.252,,A,,,,,,3,,,,,,,
DATAFLOW,OECD.WISE.INE:DSD_WISE_IDD@DF_IDD(1.0),Base de données sur la distribution des revenus,I,CZE,Tchéquie,A,Annuelle,INC_DISP_GINI,,_Z,,0_TO_1,Échelle 0-1,_T,Total,METH2011,,D_CUR,,_Z,,2013,,0.259,,A,,,,,,3,,,,,,,
DATAFLOW,OECD.WISE.INE:DSD_WISE_IDD@DF_IDD(1.0),Base de données sur la distribution des revenus,I,DNK,Danemark,A,Annuelle,INC_DISP_GINI,,_Z,,0_TO_1,Échelle 0-1,_T,Total,METH2011,,D_CUR,,_Z,,1985,,0.221,,A,,,,,,3,,,,,,,
DATAFLOW,OECD.WISE.INE:DSD_WISE_IDD@DF_IDD(1.0),Base de données sur la distribution des revenus,I,DNK,Danemark,A,Annuelle,INC_DISP_GINI,,_Z,,0_TO_1,Échelle 0-1,_T,Total,METH2011,,D_CUR,,_Z,,1986,,0.224,,A,,,,,,3,,,,,,,
DATAFLOW,OECD.WISE.INE:DSD_WISE_IDD@DF_IDD(1.0),Base de données sur la distribution des revenus,I,DNK,Danemark,A,Annuelle,INC_DISP_GINI,,_Z,,0_TO_1,Échelle 0-1,_T,Total,METH2011,,D_CUR,,_Z,,1987,,0.225,,A,,,,,,3,,,,,,,
DATAFLOW,OECD.WISE.INE:DSD_WISE_IDD@DF_IDD(1.0),Base de données sur la distribution des revenus,I,DNK,Danemark,A,Annuelle,INC_DISP_GINI,,_Z,,0_TO_1,Échelle 0-1,_T,Total,METH2011,,D_CUR,,_Z,,1988,,0.224,,A,,,,,,3,,,,,,,
DATAFLOW,OECD.WISE.INE:DSD_WISE_IDD@DF_IDD(1.0),Base de données sur la distribution des revenus,I,DNK,Danemark,A,Annuelle,INC_DISP_GINI,,_Z,,0_TO_1,Échelle 0-1,_T,Total,METH2011,,D_CUR,,_Z,,1989,,0.22,,A,,,,,,3,,,,,,,
DATAFLOW,OECD.WISE.INE:DSD_WISE_IDD@DF_IDD(1.0),Base de données sur la distribution des revenus,I,DNK,Danemark,A,Annuelle,INC_DISP_GINI,,_Z,,0_TO_1,Échelle 0-1,_T,Total,METH2011,,D_CUR,,_Z,,1990,,0.226,,A,,,,,,3,,,,,,,
DATAFLOW,OECD.WISE.INE:DSD_WISE_IDD@DF_IDD(1.0),Base de données sur la distribution des revenus,I,DNK,Danemark,A,Annuelle,INC_DISP_GINI,,_Z,,0_TO_1,Échelle 0-1,_T,Total,METH2011,,D_CUR,,_Z,,1991,,0.222,,A,,,,,,3,,,,,,,
DATAFLOW,OECD.WISE.INE:DSD_WISE_IDD@DF_IDD(1.0),Base de données sur la distribution des revenus,I,DNK,Danemark,A,Annuelle,INC_DISP_GINI,,_Z,,0_TO_1,Échelle 0-1,_T,Total,METH2011,,D_CUR,,_Z,,1992,,0.222,,A,,,,,,3,,,,,,,
DATAFLOW,OECD.WISE.INE:DSD_WISE_IDD@DF_IDD(1.0),Base de données sur la distribution des revenus,I,DNK,Danemark,A,Annuelle,INC_DISP_GINI,,_Z,,0_TO_1,Échelle 0-1,_T,Total,METH2011,,D_CUR,,_Z,,1993,,0.223,,A,,,,,,3,,,,,,,
DATAFLOW,OECD.WISE.INE:DSD_WISE_IDD@DF_IDD(1.0),Base de données sur la distribution des revenus,I,DNK,Danemark,A,Annuelle,INC_DISP_GINI,,_Z,,0_TO_1,Échelle 0-1,_T,Total,METH2011,,D_CUR,,_Z,,1994,,0.216,,A,,,,,,3,,,,,,,
DATAFLOW,OECD.WISE.INE:DSD_WISE_IDD@DF_IDD(1.0),Base de données sur la distribution des revenus,I,DNK,Danemark,A,Annuelle,INC_DISP_GINI,,_Z,,0_TO_1,Échelle 0-1,_T,Total,METH2011,,D_CUR,,_Z,,1995,,0.215,,A,,,,,,3,,,,,,,
DATAFLOW,OECD.WISE.INE:DSD_WISE_IDD@DF_IDD(1.0),Base de données sur la distribution des revenus,I,DNK,Danemark,A,Annuelle,INC_DISP_GINI,,_Z,,0_TO_1,Échelle 0-1,_T,Total,METH2011,,D_CUR,,_Z,,1996,,0.216,,A,,,,,,3,,,,,,,
DATAFLOW,OECD.WISE.INE:DSD_WISE_IDD@DF_IDD(1.0),Base de données sur la distribution des revenus,I,DNK,Danemark,A,Annuelle,INC_DISP_GINI,,_Z,,0_TO_1,Échelle 0-1,_T,Total,METH2011,,D_CUR,,_Z,,1997,,0.224,,A,,,,,,3,,,,,,,
DATAFLOW,OECD.WISE.INE:DSD_WISE_IDD@DF_IDD(1.0),Base de données sur la distribution des revenus,I,DNK,Danemark,A,Annuelle,INC_DISP_GINI,,_Z,,0_TO_1,Échelle 0-1,_T,Total,METH2011,,D_CUR,,_Z,,1998,,0.224,,A,,,,,,3,,,,,,,
DATAFLOW,OECD.WISE.INE:DSD_WISE_IDD@DF_IDD(1.0),Base de données sur la distribution des revenus,I,DNK,Danemark,A,Annuelle,INC_DISP_GINI,,_Z,,0_TO_1,Échelle 0-1,_T,Total,METH2011,,D_CUR,,_Z,,1999,,0.228,,A,,,,,,3,,,,,,,
DATAFLOW,OECD.WISE.INE:DSD_WISE_IDD@DF_IDD(1.0),Base de données sur la distribution des revenus,I,DNK,Danemark,A,Annuelle,INC_DISP_GINI,,_Z,,0_TO_1,Échelle 0-1,_T,Total,METH2011,,D_CUR,,_Z,,2000,,0.227,,A,,,,,,3,,,,,,,
DATAFLOW,OECD.WISE.INE:DSD_WISE_IDD@DF_IDD(1.0),Base de données sur la distribution des revenus,I,DNK,Danemark,A,Annuelle,INC_DISP_GINI,,_Z,,0_TO_1,Échelle 0-1,_T,Total,METH2011,,D_CUR,,_Z,,2005,,0.232,,A,,,,,,3,,,,,,,
DATAFLOW,OECD.WISE.INE:DSD_WISE_IDD@DF_IDD(1.0),Base de données sur la distribution des revenus,I,DNK,Danemark,A,Annuelle,INC_DISP_GINI,,_Z,,0_TO_1,Échelle 0-1,_T,Total,METH2011,,D_CUR,,_Z,,2006,,0.239,,A,,,,,,3,,,,,,,
DATAFLOW,OECD.WISE.INE:DSD_WISE_IDD@DF_IDD(1.0),Base de données sur la distribution des revenus,I,DNK,Danemark,A,Annuelle,INC_DISP_GINI,,_Z,,0_TO_1,Échelle 0-1,_T,Total,METH2011,,D_CUR,,_Z,,2007,,0.246,,A,,,,,,3,,,,,,,
DATAFLOW,OECD.WISE.INE:DSD_WISE_IDD@DF_IDD(1.0),Base de données sur la distribution des revenus,I,DNK,Danemark,A,Annuelle,INC_DISP_GINI,,_Z,,0_TO_1,Échelle 0-1,_T,Total,METH2011,,D_CUR,,_Z,,2008,,0.242,,A,,,,,,3,,,,,,,
DATAFLOW,OECD.WISE.INE:DSD_WISE_IDD@DF_IDD(1.0),Base de données sur la distribution des revenus,I,DNK,Danemark,A,Annuelle,INC_DISP_GINI,,_Z,,0_TO_1,Échelle 0-1,_T,Total,METH2011,,D_CUR,,_Z,,2009,,0.238,,A,,,,,,3,,,,,,,
DATAFLOW,OECD.WISE.INE:DSD_WISE_IDD@DF_IDD(1.0),Base de données sur la distribution des revenus,I,DNK,Danemark,A,Annuelle,INC_DISP_GINI,,_Z,,0_TO_1,Échelle 0-1,_T,Total,METH2011,,D_CUR,,_Z,,2010,,0.252,,A,,,,,,3,,,,,,,
DATAFLOW,OECD.WISE.INE:DSD_WISE_IDD@DF_IDD(1.0),Base de données sur la distribution des revenus,I,DNK,Danemark,A,Annuelle,INC_DISP_GINI,,_Z,,0_TO_1,Échelle 0-1,_T,Total,METH2011,,D_CUR,,_Z,,2011,,0.253,,A,,,,,,3,,,,,,,
DATAFLOW,OECD.WISE.INE:DSD_WISE_IDD@DF_IDD(1.0),Base de données sur la distribution des revenus,I,EST,Estonie,A,Annuelle,INC_DISP_GINI,,_Z,,0_TO_1,Échelle 0-1,_T,Total,METH2011,,D_CUR,,_Z,,2004,,0.346,,A,,,,,,3,,,,,,,
DATAFLOW,OECD.WISE.INE:DSD_WISE_IDD@DF_IDD(1.0),Base de données sur la distribution des revenus,I,EST,Estonie,A,Annuelle,INC_DISP_GINI,,_Z,,0_TO_1,Échelle 0-1,_T,Total,METH2011,,D_CUR,,_Z,,2005,,0.335,,A,,,,,,3,,,,,,,
DATAFLOW,OECD.WISE.INE:DSD_WISE_IDD@DF_IDD(1.0),Base de données sur la distribution des revenus,I,EST,Estonie,A,Annuelle,INC_DISP_GINI,,_Z,,0_TO_1,Échelle 0-1,_T,Total,METH2011,,D_CUR,,_Z,,2006,,0.338,,A,,,,,,3,,,,,,,
DATAFLOW,OECD.WISE.INE:DSD_WISE_IDD@DF_IDD(1.0),Base de données sur la distribution des revenus,I,EST,Estonie,A,Annuelle,INC_DISP_GINI,,_Z,,0_TO_1,Échelle 0-1,_T,Total,METH2011,,D_CUR,,_Z,,2007,,0.312,,A,,,,,,3,,,,,,,
DATAFLOW,OECD.WISE.INE:DSD_WISE_IDD@DF_IDD(1.0),Base de données sur la distribution des revenus,I,EST,Estonie,A,Annuelle,INC_DISP_GINI,,_Z,,0_TO_1,Échelle 0-1,_T,Total,METH2011,,D_CUR,,_Z,,2008,,0.313,,A,,,,,,3,,,,,,,
DATAFLOW,OECD.WISE.INE:DSD_WISE_IDD@DF_IDD(1.0),Base de données sur la distribution des revenus,I,EST,Estonie,A,Annuelle,INC_DISP_GINI,,_Z,,0_TO_1,Échelle 0-1,_T,Total,METH2011,,D_CUR,,_Z,,2009,,0.309,,A,,,,,,3,,,,,,,
DATAFLOW,OECD.WISE.INE:DSD_WISE_IDD@DF_IDD(1.0),Base de données sur la distribution des revenus,I,EST,Estonie,A,Annuelle,INC_DISP_GINI,,_Z,,0_TO_1,Échelle 0-1,_T,Total,METH2011,,D_CUR,,_Z,,2010,,0.317,,A,,,,,,3,,,,,,,
DATAFLOW,OECD.WISE.INE:DSD_WISE_IDD@DF_IDD(1.0),Base de données sur la distribution des revenus,I,EST,Estonie,A,Annuelle,INC_DISP_GINI,,_Z,,0_TO_1,Échelle 0-1,_T,Total,METH2011,,D_CUR,,_Z,,2011,,0.323,,A,,,,,,3,,,,,,,
DATAFLOW,OECD.WISE.INE:DSD_WISE_IDD@DF_IDD(1.0),Base de données sur la distribution des revenus,I,EST,Estonie,A,Annuelle,INC_DISP_GINI,,_Z,,0_TO_1,Échelle 0-1,_T,Total,METH2011,,D_CUR,,_Z,,2012,,0.326,,A,,,,,,3,,,,,,,
DATAFLOW,OECD.WISE.INE:DSD_WISE_IDD@DF_IDD(1.0),Base de données sur la distribution des revenus,I,EST,Estonie,A,Annuelle,INC_DISP_GINI,,_Z,,0_TO_1,Échelle 0-1,_T,Total,METH2011,,D_CUR,,_Z,,2013,,0.355,,A,,,,,,3,,,,,,,
DATAFLOW,OECD.WISE.INE:DSD_WISE_IDD@DF_IDD(1.0),Base de données sur la distribution des revenus,I,FIN,Finlande,A,Annuelle,INC_DISP_GINI,,_Z,,0_TO_1,Échelle 0-1,_T,Total,METH2011,,D_CUR,,_Z,,1986,,0.209,,A,,,,,,3,,,,,,,
DATAFLOW,OECD.WISE.INE:DSD_WISE_IDD@DF_IDD(1.0),Base de données sur la distribution des revenus,I,FIN,Finlande,A,Annuelle,INC_DISP_GINI,,_Z,,0_TO_1,Échelle 0-1,_T,Total,METH2011,,D_CUR,,_Z,,1987,,0.209,,A,,,,,,3,,,,,,,
DATAFLOW,OECD.WISE.INE:DSD_WISE_IDD@DF_IDD(1.0),Base de données sur la distribution des revenus,I,FIN,Finlande,A,Annuelle,INC_DISP_GINI,,_Z,,0_TO_1,Échelle 0-1,_T,Total,METH2011,,D_CUR,,_Z,,1988,,0.214,,A,,,,,,3,,,,,,,
DATAFLOW,OECD.WISE.INE:DSD_WISE_IDD@DF_IDD(1.0),Base de données sur la distribution des revenus,I,FIN,Finlande,A,Annuelle,INC_DISP_GINI,,_Z,,0_TO_1,Échelle 0-1,_T,Total,METH2011,,D_CUR,,_Z,,1989,,0.217,,A,,,,,,3,,,,,,,
DATAFLOW,OECD.WISE.INE:DSD_WISE_IDD@DF_IDD(1.0),Base de données sur la distribution des revenus,I,FIN,Finlande,A,Annuelle,INC_DISP_GINI,,_Z,,0_TO_1,Échelle 0-1,_T,Total,METH2011,,D_CUR,,_Z,,1990,,0.215,,A,,,,,,3,,,,,,,
DATAFLOW,OECD.WISE.INE:DSD_WISE_IDD@DF_IDD(1.0),Base de données sur la distribution des revenus,I,FIN,Finlande,A,Annuelle,INC_DISP_GINI,,_Z,,0_TO_1,Échelle 0-1,_T,Total,METH2011,,D_CUR,,_Z,,1991,,0.213,,A,,,,,,3,,,,,,,
DATAFLOW,OECD.WISE.INE:DSD_WISE_IDD@DF_IDD(1.0),Base de données sur la distribution des revenus,I,FIN,Finlande,A,Annuelle,INC_DISP_GINI,,_Z,,0_TO_1,Échelle 0-1,_T,Total,METH2011,,D_CUR,,_Z,,1992,,0.212,,A,,,,,,3,,,,,,,
DATAFLOW,OECD.WISE.INE:DSD_WISE_IDD@DF_IDD(1.0),Base de données sur la distribution des revenus,I,FIN,Finlande,A,Annuelle,INC_DISP_GINI,,_Z,,0_TO_1,Échelle 0-1,_T,Total,METH2011,,D_CUR,,_Z,,1993,,0.215,,A,,,,,,3,,,,,,,
DATAFLOW,OECD.WISE.INE:DSD_WISE_IDD@DF_IDD(1.0),Base de données sur la distribution des revenus,I,FIN,Finlande,A,Annuelle,INC_DISP_GINI,,_Z,,0_TO_1,Échelle 0-1,_T,Total,METH2011,,D_CUR,,_Z,,1994,,0.217,,A,,,,,,3,,,,,,,
DATAFLOW,OECD.WISE.INE:DSD_WISE_IDD@DF_IDD(1.0),Base de données sur la distribution des revenus,I,FIN,Finlande,A,Annuelle,INC_DISP_GINI,,_Z,,0_TO_1,Échelle 0-1,_T,Total,METH2011,,D_CUR,,_Z,,1995,,0.222,,A,,,,,,3,,,,,,,
DATAFLOW,OECD.WISE.INE:DSD_WISE_IDD@DF_IDD(1.0),Base de données sur la distribution des revenus,I,FIN,Finlande,A,Annuelle,INC_DISP_GINI,,_Z,,0_TO_1,Échelle 0-1,_T,Total,METH2011,,D_CUR,,_Z,,1996,,0.226,,A,,,,,,3,,,,,,,
DATAFLOW,OECD.WISE.INE:DSD_WISE_IDD@DF_IDD(1.0),Base de données sur la distribution des revenus,I,FIN,Finlande,A,Annuelle,INC_DISP_GINI,,_Z,,0_TO_1,Échelle 0-1,_T,Total,METH2011,,D_CUR,,_Z,,1997,,0.237,,A,,,,,,3,,,,,,,
DATAFLOW,OECD.WISE.INE:DSD_WISE_IDD@DF_IDD(1.0),Base de données sur la distribution des revenus,I,FIN,Finlande,A,Annuelle,INC_DISP_GINI,,_Z,,0_TO_1,Échelle 0-1,_T,Total,METH2011,,D_CUR,,_Z,,1998,,0.244,,A,,,,,,3,,,,,,,
DATAFLOW,OECD.WISE.INE:DSD_WISE_IDD@DF_IDD(1.0),Base de données sur la distribution des revenus,I,FIN,Finlande,A,Annuelle,INC_DISP_GINI,,_Z,,0_TO_1,Échelle 0-1,_T,Total,METH2011,,D_CUR,,_Z,,1999,,0.251,,A,,,,,,3,,,,,,,
DATAFLOW,OECD.WISE.INE:DSD_WISE_IDD@DF_IDD(1.0),Base de données sur la distribution des revenus,I,FIN,Finlande,A,Annuelle,INC_DISP_GINI,,_Z,,0_TO_1,Échelle 0-1,_T,Total,METH2011,,D_CUR,,_Z,,2000,,0.255,,A,,,,,,3,,,,,,,
DATAFLOW,OECD.WISE.INE:DSD_WISE_IDD@DF_IDD(1.0),Base de données sur la distribution des revenus,I,FIN,Finlande,A,Annuelle,INC_DISP_GINI,,_Z,,0_TO_1,Échelle 0-1,_T,Total,METH2011,,D_CUR,,_Z,,2001,,0.261,,A,,,,,,3,,,,,,,
DATAFLOW,OECD.WISE.INE:DSD_WISE_IDD@DF_IDD(1.0),Base de données sur la distribution des revenus,I,FIN,Finlande,A,Annuelle,INC_DISP_GINI,,_Z,,0_TO_1,Échelle 0-1,_T,Total,METH2011,,D_CUR,,_Z,,2002,,0.259,,A,,,,,,3,,,,,,,
DATAFLOW,OECD.WISE.INE:DSD_WISE_IDD@DF_IDD(1.0),Base de données sur la distribution des revenus,I,FIN,Finlande,A,Annuelle,INC_DISP_GINI,,_Z,,0_TO_1,Échelle 0-1,_T,Total,METH2011,,D_CUR,,_Z,,2003,,0.263,,A,,,,,,3,,,,,,,
DATAFLOW,OECD.WISE.INE:DSD_WISE_IDD@DF_IDD(1.0),Base de données sur la distribution des revenus,I,FIN,Finlande,A,Annuelle,INC_DISP_GINI,,_Z,,0_TO_1,Échelle 0-1,_T,Total,METH2011,,D_CUR,,_Z,,2004,,0.267,,A,,,,,,3,,,,,,,
DATAFLOW,OECD.WISE.INE:DSD_WISE_IDD@DF_IDD(1.0),Base de données sur la distribution des revenus,I,FIN,Finlande,A,Annuelle,INC_DISP_GINI,,_Z,,0_TO_1,Échelle 0-1,_T,Total,METH2011,,D_CUR,,_Z,,2005,,0.266,,A,,,,,,3,,,,,,,
DATAFLOW,OECD.WISE.INE:DSD_WISE_IDD@DF_IDD(1.0),Base de données sur la distribution des revenus,I,FIN,Finlande,A,Annuelle,INC_DISP_GINI,,_Z,,0_TO_1,Échelle 0-1,_T,Total,METH2011,,D_CUR,,_Z,,2006,,0.268,,A,,,,,,3,,,,,,,
DATAFLOW,OECD.WISE.INE:DSD_WISE_IDD@DF_IDD(1.0),Base de données sur la distribution des revenus,I,FIN,Finlande,A,Annuelle,INC_DISP_GINI,,_Z,,0_TO_1,Échelle 0-1,_T,Total,METH2011,,D_CUR,,_Z,,2007,,0.27,,A,,,,,,3,,,,,,,
DATAFLOW,OECD.WISE.INE:DSD_WISE_IDD@DF_IDD(1.0),Base de données sur la distribution des revenus,I,FIN,Finlande,A,Annuelle,INC_DISP_GINI,,_Z,,0_TO_1,Échelle 0-1,_T,Total,METH2011,,D_CUR,,_Z,,2008,,0.266,,A,,,,,,3,,,,,,,
DATAFLOW,OECD.WISE.INE:DSD_WISE_IDD@DF_IDD(1.0),Base de données sur la distribution des revenus,I,FIN,Finlande,A,Annuelle,INC_DISP_GINI,,_Z,,0_TO_1,Échelle 0-1,_T,Total,METH2011,,D_CUR,,_Z,,2009,,0.26,,A,,,,,,3,,,,,,,
DATAFLOW,OECD.WISE.INE:DSD_WISE_IDD@DF_IDD(1.0),Base de données sur la distribution des revenus,I,FIN,Finlande,A,Annuelle,INC_DISP_GINI,,_Z,,0_TO_1,Échelle 0-1,_T,Total,METH2011,,D_CUR,,_Z,,2010,,0.265,,A,,,,,,3,,,,,,,
DATAFLOW,OECD.WISE.INE:DSD_WISE_IDD@DF_IDD(1.0),Base de données sur la distribution des revenus,I,FIN,Finlande,A,Annuelle,INC_DISP_GINI,,_Z,,0_TO_1,Échelle 0-1,_T,Total,METH2011,,D_CUR,,_Z,,2011,,0.265,,A,,,,,,3,,,,,,,
DATAFLOW,OECD.WISE.INE:DSD_WISE_IDD@DF_IDD(1.0),Base de données sur la distribution des revenus,I,FIN,Finlande,A,Annuelle,INC_DISP_GINI,,_Z,,0_TO_1,Échelle 0-1,_T,Total,METH2011,,D_CUR,,_Z,,2012,,0.261,,A,,,,,,3,,,,,,,
DATAFLOW,OECD.WISE.INE:DSD_WISE_IDD@DF_IDD(1.0),Base de données sur la distribution des revenus,I,FRA,France,A,Annuelle,INC_DISP_GINI,,_Z,,0_TO_1,Échelle 0-1,_T,Total,METH2011,,D_CUR,,_Z,,1996,,0.277,,A,,,,,,3,,,,,,,
DATAFLOW,OECD.WISE.INE:DSD_WISE_IDD@DF_IDD(1.0),Base de données sur la distribution des revenus,I,FRA,France,A,Annuelle,INC_DISP_GINI,,_Z,,0_TO_1,Échelle 0-1,_T,Total,METH2011,,D_CUR,,_Z,,1997,,0.278,,A,,,,,,3,,,,,,,
DATAFLOW,OECD.WISE.INE:DSD_WISE_IDD@DF_IDD(1.0),Base de données sur la distribution des revenus,I,FRA,France,A,Annuelle,INC_DISP_GINI,,_Z,,0_TO_1,Échelle 0-1,_T,Total,METH2011,,D_CUR,,_Z,,1998,,0.276,,A,,,,,,3,,,,,,,
DATAFLOW,OECD.WISE.INE:DSD_WISE_IDD@DF_IDD(1.0),Base de données sur la distribution des revenus,I,FRA,France,A,Annuelle,INC_DISP_GINI,,_Z,,0_TO_1,Échelle 0-1,_T,Total,METH2011,,D_CUR,,_Z,,1999,,0.284,,A,,,,,,3,,,,,,,
DATAFLOW,OECD.WISE.INE:DSD_WISE_IDD@DF_IDD(1.0),Base de données sur la distribution des revenus,I,FRA,France,A,Annuelle,INC_DISP_GINI,,_Z,,0_TO_1,Échelle 0-1,_T,Total,METH2011,,D_CUR,,_Z,,2000,,0.287,,A,,,,,,3,,,,,,,
DATAFLOW,OECD.WISE.INE:DSD_WISE_IDD@DF_IDD(1.0),Base de données sur la distribution des revenus,I,FRA,France,A,Annuelle,INC_DISP_GINI,,_Z,,0_TO_1,Échelle 0-1,_T,Total,METH2011,,D_CUR,,_Z,,2001,,0.287,,A,,,,,,3,,,,,,,
DATAFLOW,OECD.WISE.INE:DSD_WISE_IDD@DF_IDD(1.0),Base de données sur la distribution des revenus,I,FRA,France,A,Annuelle,INC_DISP_GINI,,_Z,,0_TO_1,Échelle 0-1,_T,Total,METH2011,,D_CUR,,_Z,,2002,,0.284,,A,,,,,,3,,,,,,,
DATAFLOW,OECD.WISE.INE:DSD_WISE_IDD@DF_IDD(1.0),Base de données sur la distribution des revenus,I,FRA,France,A,Annuelle,INC_DISP_GINI,,_Z,,0_TO_1,Échelle 0-1,_T,Total,METH2011,,D_CUR,,_Z,,2003,,0.282,,A,,,,,,3,,,,,,,
DATAFLOW,OECD.WISE.INE:DSD_WISE_IDD@DF_IDD(1.0),Base de données sur la distribution des revenus,I,FRA,France,A,Annuelle,INC_DISP_GINI,,_Z,,0_TO_1,Échelle 0-1,_T,Total,METH2011,,D_CUR,,_Z,,2004,,0.283,,A,,,,,,3,,,,,,,
DATAFLOW,OECD.WISE.INE:DSD_WISE_IDD@DF_IDD(1.0),Base de données sur la distribution des revenus,I,FRA,France,A,Annuelle,INC_DISP_GINI,,_Z,,0_TO_1,Échelle 0-1,_T,Total,METH2011,,D_CUR,,_Z,,2005,,0.288,,A,,,,,,3,,,,,,,
DATAFLOW,OECD.WISE.INE:DSD_WISE_IDD@DF_IDD(1.0),Base de données sur la distribution des revenus,I,FRA,France,A,Annuelle,INC_DISP_GINI,,_Z,,0_TO_1,Échelle 0-1,_T,Total,METH2011,,D_CUR,,_Z,,2006,,0.293,,A,,,,,,3,,,,,,,
DATAFLOW,OECD.WISE.INE:DSD_WISE_IDD@DF_IDD(1.0),Base de données sur la distribution des revenus,I,FRA,France,A,Annuelle,INC_DISP_GINI,,_Z,,0_TO_1,Échelle 0-1,_T,Total,METH2011,,D_CUR,,_Z,,2007,,0.292,,A,,,,,,3,,,,,,,
DATAFLOW,OECD.WISE.INE:DSD_WISE_IDD@DF_IDD(1.0),Base de données sur la distribution des revenus,I,FRA,France,A,Annuelle,INC_DISP_GINI,,_Z,,0_TO_1,Échelle 0-1,_T,Total,METH2011,,D_CUR,,_Z,,2008,,0.293,,A,,,,,,3,,,,,,,
DATAFLOW,OECD.WISE.INE:DSD_WISE_IDD@DF_IDD(1.0),Base de données sur la distribution des revenus,I,FRA,France,A,Annuelle,INC_DISP_GINI,,_Z,,0_TO_1,Échelle 0-1,_T,Total,METH2011,,D_CUR,,_Z,,2009,,0.293,,A,,,,,,3,,,,,,,
DATAFLOW,OECD.WISE.INE:DSD_WISE_IDD@DF_IDD(1.0),Base de données sur la distribution des revenus,I,FRA,France,A,Annuelle,INC_DISP_GINI,,_Z,,0_TO_1,Échelle 0-1,_T,Total,METH2011,,D_CUR,,_Z,,2010,,0.303,,A,,,,,,3,,,,,,,
DATAFLOW,OECD.WISE.INE:DSD_WISE_IDD@DF_IDD(1.0),Base de données sur la distribution des revenus,I,FRA,France,A,Annuelle,INC_DISP_GINI,,_Z,,0_TO_1,Échelle 0-1,_T,Total,METH2011,,D_CUR,,_Z,,2011,,0.309,,A,,,,,,3,,,,,,,
DATAFLOW,OECD.WISE.INE:DSD_WISE_IDD@DF_IDD(1.0),Base de données sur la distribution des revenus,I,DEU,Allemagne,A,Annuelle,INC_DISP_GINI,,_Z,,0_TO_1,Échelle 0-1,_T,Total,METH2011,,D_CUR,,_Z,,1985,,0.251,,A,,,,,,3,,,,,,,
DATAFLOW,OECD.WISE.INE:DSD_WISE_IDD@DF_IDD(1.0),Base de données sur la distribution des revenus,I,DEU,Allemagne,A,Annuelle,INC_DISP_GINI,,_Z,,0_TO_1,Échelle 0-1,_T,Total,METH2011,,D_CUR,,_Z,,1990,,0.256,,A,,,,,,3,,,,,,,
DATAFLOW,OECD.WISE.INE:DSD_WISE_IDD@DF_IDD(1.0),Base de données sur la distribution des revenus,I,DEU,Allemagne,A,Annuelle,INC_DISP_GINI,,_Z,,0_TO_1,Échelle 0-1,_T,Total,METH2011,,D_CUR,,_Z,,1992,,0.263,,A,,,,,,3,,,,,,,
DATAFLOW,OECD.WISE.INE:DSD_WISE_IDD@DF_IDD(1.0),Base de données sur la distribution des revenus,I,DEU,Allemagne,A,Annuelle,INC_DISP_GINI,,_Z,,0_TO_1,Échelle 0-1,_T,Total,METH2011,,D_CUR,,_Z,,1993,,0.262,,A,,,,,,3,,,,,,,
DATAFLOW,OECD.WISE.INE:DSD_WISE_IDD@DF_IDD(1.0),Base de données sur la distribution des revenus,I,DEU,Allemagne,A,Annuelle,INC_DISP_GINI,,_Z,,0_TO_1,Échelle 0-1,_T,Total,METH2011,,D_CUR,,_Z,,1994,,0.268,,A,,,,,,3,,,,,,,
DATAFLOW,OECD.WISE.INE:DSD_WISE_IDD@DF_IDD(1.0),Base de données sur la distribution des revenus,I,DEU,Allemagne,A,Annuelle,INC_DISP_GINI,,_Z,,0_TO_1,Échelle 0-1,_T,Total,METH2011,,D_CUR,,_Z,,1995,,0.266,,A,,,,,,3,,,,,,,
DATAFLOW,OECD.WISE.INE:DSD_WISE_IDD@DF_IDD(1.0),Base de données sur la distribution des revenus,I,DEU,Allemagne,A,Annuelle,INC_DISP_GINI,,_Z,,0_TO_1,Échelle 0-1,_T,Total,METH2011,,D_CUR,,_Z,,1996,,0.26,,A,,,,,,3,,,,,,,
DATAFLOW,OECD.WISE.INE:DSD_WISE_IDD@DF_IDD(1.0),Base de données sur la distribution des revenus,I,DEU,Allemagne,A,Annuelle,INC_DISP_GINI,,_Z,,0_TO_1,Échelle 0-1,_T,Total,METH2011,,D_CUR,,_Z,,1997,,0.259,,A,,,,,,3,,,,,,,
DATAFLOW,OECD.WISE.INE:DSD_WISE_IDD@DF_IDD(1.0),Base de données sur la distribution des revenus,I,DEU,Allemagne,A,Annuelle,INC_DISP_GINI,,_Z,,0_TO_1,Échelle 0-1,_T,Total,METH2011,,D_CUR,,_Z,,1998,,0.259,,A,,,,,,3,,,,,,,
DATAFLOW,OECD.WISE.INE:DSD_WISE_IDD@DF_IDD(1.0),Base de données sur la distribution des revenus,I,DEU,Allemagne,A,Annuelle,INC_DISP_GINI,,_Z,,0_TO_1,Échelle 0-1,_T,Total,METH2011,,D_CUR,,_Z,,1999,,0.259,,A,,,,,,3,,,,,,,
DATAFLOW,OECD.WISE.INE:DSD_WISE_IDD@DF_IDD(1.0),Base de données sur la distribution des revenus,I,DEU,Allemagne,A,Annuelle,INC_DISP_GINI,,_Z,,0_TO_1,Échelle 0-1,_T,Total,METH2011,,D_CUR,,_Z,,2000,,0.264,,A,,,,,,3,,,,,,,
DATAFLOW,OECD.WISE.INE:DSD_WISE_IDD@DF_IDD(1.0),Base de données sur la distribution des revenus,I,DEU,Allemagne,A,Annuelle,INC_DISP_GINI,,_Z,,0_TO_1,Échelle 0-1,_T,Total,METH2011,,D_CUR,,_Z,,2001,,0.27,,A,,,,,,3,,,,,,,
DATAFLOW,OECD.WISE.INE:DSD_WISE_IDD@DF_IDD(1.0),Base de données sur la distribution des revenus,I,DEU,Allemagne,A,Annuelle,INC_DISP_GINI,,_Z,,0_TO_1,Échelle 0-1,_T,Total,METH2011,,D_CUR,,_Z,,2002,,0.28,,A,,,,,,3,,,,,,,
DATAFLOW,OECD.WISE.INE:DSD_WISE_IDD@DF_IDD(1.0),Base de données sur la distribution des revenus,I,DEU,Allemagne,A,Annuelle,INC_DISP_GINI,,_Z,,0_TO_1,Échelle 0-1,_T,Total,METH2011,,D_CUR,,_Z,,2003,,0.282,,A,,,,,,3,,,,,,,
DATAFLOW,OECD.WISE.INE:DSD_WISE_IDD@DF_IDD(1.0),Base de données sur la distribution des revenus,I,DEU,Allemagne,A,Annuelle,INC_DISP_GINI,,_Z,,0_TO_1,Échelle 0-1,_T,Total,METH2011,,D_CUR,,_Z,,2004,,0.285,,A,,,,,,3,,,,,,,
DATAFLOW,OECD.WISE.INE:DSD_WISE_IDD@DF_IDD(1.0),Base de données sur la distribution des revenus,I,DEU,Allemagne,A,Annuelle,INC_DISP_GINI,,_Z,,0_TO_1,Échelle 0-1,_T,Total,METH2011,,D_CUR,,_Z,,2005,,0.297,,A,,,,,,3,,,,,,,
DATAFLOW,OECD.WISE.INE:DSD_WISE_IDD@DF_IDD(1.0),Base de données sur la distribution des revenus,I,DEU,Allemagne,A,Annuelle,INC_DISP_GINI,,_Z,,0_TO_1,Échelle 0-1,_T,Total,METH2011,,D_CUR,,_Z,,2006,,0.29,,A,,,,,,3,,,,,,,
DATAFLOW,OECD.WISE.INE:DSD_WISE_IDD@DF_IDD(1.0),Base de données sur la distribution des revenus,I,DEU,Allemagne,A,Annuelle,INC_DISP_GINI,,_Z,,0_TO_1,Échelle 0-1,_T,Total,METH2011,,D_CUR,,_Z,,2007,,0.295,,A,,,,,,3,,,,,,,
DATAFLOW,OECD.WISE.INE:DSD_WISE_IDD@DF_IDD(1.0),Base de données sur la distribution des revenus,I,DEU,Allemagne,A,Annuelle,INC_DISP_GINI,,_Z,,0_TO_1,Échelle 0-1,_T,Total,METH2011,,D_CUR,,_Z,,2008,,0.287,,A,,,,,,3,,,,,,,
DATAFLOW,OECD.WISE.INE:DSD_WISE_IDD@DF_IDD(1.0),Base de données sur la distribution des revenus,I,DEU,Allemagne,A,Annuelle,INC_DISP_GINI,,_Z,,0_TO_1,Échelle 0-1,_T,Total,METH2011,,D_CUR,,_Z,,2009,,0.288,,A,,,,,,3,,,,,,,
DATAFLOW,OECD.WISE.INE:DSD_WISE_IDD@DF_IDD(1.0),Base de données sur la distribution des revenus,I,DEU,Allemagne,A,Annuelle,INC_DISP_GINI,,_Z,,0_TO_1,Échelle 0-1,_T,Total,METH2011,,D_CUR,,_Z,,2010,,0.286,,A,,,,,,3,,,,,,,
DATAFLOW,OECD.WISE.INE:DSD_WISE_IDD@DF_IDD(1.0),Base de données sur la distribution des revenus,I,DEU,Allemagne,A,Annuelle,INC_DISP_GINI,,_Z,,0_TO_1,Échelle 0-1,_T,Total,METH2011,,D_CUR,,_Z,,2011,,0.293,,A,,,,,,3,,,,,,,
DATAFLOW,OECD.WISE.INE:DSD_WISE_IDD@DF_IDD(1.0),Base de données sur la distribution des revenus,I,GRC,Grèce,A,Annuelle,INC_DISP_GINI,,_Z,,0_TO_1,Échelle 0-1,_T,Total,METH2011,,D_CUR,,_Z,,1986,,0.352,,A,,,,,,3,,,,,,,
DATAFLOW,OECD.WISE.INE:DSD_WISE_IDD@DF_IDD(1.0),Base de données sur la distribution des revenus,I,GRC,Grèce,A,Annuelle,INC_DISP_GINI,,_Z,,0_TO_1,Échelle 0-1,_T,Total,METH2011,,D_CUR,,_Z,,1994,,0.352,,A,,,,,,3,,,,,,,
DATAFLOW,OECD.WISE.INE:DSD_WISE_IDD@DF_IDD(1.0),Base de données sur la distribution des revenus,I,GRC,Grèce,A,Annuelle,INC_DISP_GINI,,_Z,,0_TO_1,Échelle 0-1,_T,Total,METH2011,,D_CUR,,_Z,,1999,,0.361,,A,,,,,,3,,,,,,,
DATAFLOW,OECD.WISE.INE:DSD_WISE_IDD@DF_IDD(1.0),Base de données sur la distribution des revenus,I,GRC,Grèce,A,Annuelle,INC_DISP_GINI,,_Z,,0_TO_1,Échelle 0-1,_T,Total,METH2011,,D_CUR,,_Z,,2004,,0.336,,A,,,,,,3,,,,,,,
DATAFLOW,OECD.WISE.INE:DSD_WISE_IDD@DF_IDD(1.0),Base de données sur la distribution des revenus,I,GRC,Grèce,A,Annuelle,INC_DISP_GINI,,_Z,,0_TO_1,Échelle 0-1,_T,Total,METH2011,,D_CUR,,_Z,,2005,,0.346,,A,,,,,,3,,,,,,,
DATAFLOW,OECD.WISE.INE:DSD_WISE_IDD@DF_IDD(1.0),Base de données sur la distribution des revenus,I,GRC,Grèce,A,Annuelle,INC_DISP_GINI,,_Z,,0_TO_1,Échelle 0-1,_T,Total,METH2011,,D_CUR,,_Z,,2006,,0.34,,A,,,,,,3,,,,,,,
DATAFLOW,OECD.WISE.INE:DSD_WISE_IDD@DF_IDD(1.0),Base de données sur la distribution des revenus,I,GRC,Grèce,A,Annuelle,INC_DISP_GINI,,_Z,,0_TO_1,Échelle 0-1,_T,Total,METH2011,,D_CUR,,_Z,,2008,,0.33,,A,,,,,,3,,,,,,,
DATAFLOW,OECD.WISE.INE:DSD_WISE_IDD@DF_IDD(1.0),Base de données sur la distribution des revenus,I,GRC,Grèce,A,Annuelle,INC_DISP_GINI,,_Z,,0_TO_1,Échelle 0-1,_T,Total,METH2011,,D_CUR,,_Z,,2009,,0.331,,A,,,,,,3,,,,,,,
DATAFLOW,OECD.WISE.INE:DSD_WISE_IDD@DF_IDD(1.0),Base de données sur la distribution des revenus,I,GRC,Grèce,A,Annuelle,INC_DISP_GINI,,_Z,,0_TO_1,Échelle 0-1,_T,Total,METH2011,,D_CUR,,_Z,,2010,,0.337,,A,,,,,,3,,,,,,,
DATAFLOW,OECD.WISE.INE:DSD_WISE_IDD@DF_IDD(1.0),Base de données sur la distribution des revenus,I,GRC,Grèce,A,Annuelle,INC_DISP_GINI,,_Z,,0_TO_1,Échelle 0-1,_T,Total,METH2011,,D_CUR,,_Z,,2011,,0.335,,A,,,,,,3,,,,,,,
DATAFLOW,OECD.WISE.INE:DSD_WISE_IDD@DF_IDD(1.0),Base de données sur la distribution des revenus,I,GRC,Grèce,A,Annuelle,INC_DISP_GINI,,_Z,,0_TO_1,Échelle 0-1,_T,Total,METH2011,,D_CUR,,_Z,,2012,,0.34,,A,,,,,,3,,,,,,,
DATAFLOW,OECD.WISE.INE:DSD_WISE_IDD@DF_IDD(1.0),Base de données sur la distribution des revenus,I,GRC,Grèce,A,Annuelle,INC_DISP_GINI,,_Z,,0_TO_1,Échelle 0-1,_T,Total,METH2011,,D_CUR,,_Z,,2013,,0.343,,A,,,,,,3,,,,,,,
DATAFLOW,OECD.WISE.INE:DSD_WISE_IDD@DF_IDD(1.0),Base de données sur la distribution des revenus,I,HUN,Hongrie,A,Annuelle,INC_DISP_GINI,,_Z,,0_TO_1,Échelle 0-1,_T,Total,METH2011,,D_CUR,,_Z,,1991,,0.273,,A,,,,,,3,,,,,,,
DATAFLOW,OECD.WISE.INE:DSD_WISE_IDD@DF_IDD(1.0),Base de données sur la distribution des revenus,I,HUN,Hongrie,A,Annuelle,INC_DISP_GINI,,_Z,,0_TO_1,Échelle 0-1,_T,Total,METH2011,,D_CUR,,_Z,,1992,,0.282,,A,,,,,,3,,,,,,,
DATAFLOW,OECD.WISE.INE:DSD_WISE_IDD@DF_IDD(1.0),Base de données sur la distribution des revenus,I,HUN,Hongrie,A,Annuelle,INC_DISP_GINI,,_Z,,0_TO_1,Échelle 0-1,_T,Total,METH2011,,D_CUR,,_Z,,1993,,0.299,,A,,,,,,3,,,,,,,
DATAFLOW,OECD.WISE.INE:DSD_WISE_IDD@DF_IDD(1.0),Base de données sur la distribution des revenus,I,HUN,Hongrie,A,Annuelle,INC_DISP_GINI,,_Z,,0_TO_1,Échelle 0-1,_T,Total,METH2011,,D_CUR,,_Z,,1994,,0.299,,A,,,,,,3,,,,,,,
DATAFLOW,OECD.WISE.INE:DSD_WISE_IDD@DF_IDD(1.0),Base de données sur la distribution des revenus,I,HUN,Hongrie,A,Annuelle,INC_DISP_GINI,,_Z,,0_TO_1,Échelle 0-1,_T,Total,METH2011,,D_CUR,,_Z,,1995,,0.294,,A,,,,,,3,,,,,,,
DATAFLOW,OECD.WISE.INE:DSD_WISE_IDD@DF_IDD(1.0),Base de données sur la distribution des revenus,I,HUN,Hongrie,A,Annuelle,INC_DISP_GINI,,_Z,,0_TO_1,Échelle 0-1,_T,Total,METH2011,,D_CUR,,_Z,,1996,,0.294,,A,,,,,,3,,,,,,,
DATAFLOW,OECD.WISE.INE:DSD_WISE_IDD@DF_IDD(1.0),Base de données sur la distribution des revenus,I,HUN,Hongrie,A,Annuelle,INC_DISP_GINI,,_Z,,0_TO_1,Échelle 0-1,_T,Total,METH2011,,D_CUR,,_Z,,1997,,0.281,,A,,,,,,3,,,,,,,
DATAFLOW,OECD.WISE.INE:DSD_WISE_IDD@DF_IDD(1.0),Base de données sur la distribution des revenus,I,HUN,Hongrie,A,Annuelle,INC_DISP_GINI,,_Z,,0_TO_1,Échelle 0-1,_T,Total,METH2011,,D_CUR,,_Z,,1998,,0.284,,A,,,,,,3,,,,,,,
DATAFLOW,OECD.WISE.INE:DSD_WISE_IDD@DF_IDD(1.0),Base de données sur la distribution des revenus,I,HUN,Hongrie,A,Annuelle,INC_DISP_GINI,,_Z,,0_TO_1,Échelle 0-1,_T,Total,METH2011,,D_CUR,,_Z,,1999,,0.294,,A,,,,,,3,,,,,,,
DATAFLOW,OECD.WISE.INE:DSD_WISE_IDD@DF_IDD(1.0),Base de données sur la distribution des revenus,I,HUN,Hongrie,A,Annuelle,INC_DISP_GINI,,_Z,,0_TO_1,Échelle 0-1,_T,Total,METH2011,,D_CUR,,_Z,,2000,,0.293,,A,,,,,,3,,,,,,,
DATAFLOW,OECD.WISE.INE:DSD_WISE_IDD@DF_IDD(1.0),Base de données sur la distribution des revenus,I,HUN,Hongrie,A,Annuelle,INC_DISP_GINI,,_Z,,0_TO_1,Échelle 0-1,_T,Total,METH2011,,D_CUR,,_Z,,2003,,0.303,,A,,,,,,3,,,,,,,
DATAFLOW,OECD.WISE.INE:DSD_WISE_IDD@DF_IDD(1.0),Base de données sur la distribution des revenus,I,HUN,Hongrie,A,Annuelle,INC_DISP_GINI,,_Z,,0_TO_1,Échelle 0-1,_T,Total,METH2011,,D_CUR,,_Z,,2005,,0.291,,A,,,,,,3,,,,,,,
DATAFLOW,OECD.WISE.INE:DSD_WISE_IDD@DF_IDD(1.0),Base de données sur la distribution des revenus,I,HUN,Hongrie,A,Annuelle,INC_DISP_GINI,,_Z,,0_TO_1,Échelle 0-1,_T,Total,METH2011,,D_CUR,,_Z,,2007,,0.272,,A,,,,,,3,,,,,,,
DATAFLOW,OECD.WISE.INE:DSD_WISE_IDD@DF_IDD(1.0),Base de données sur la distribution des revenus,I,HUN,Hongrie,A,Annuelle,INC_DISP_GINI,,_Z,,0_TO_1,Échelle 0-1,_T,Total,METH2011,,D_CUR,,_Z,,2009,,0.272,,A,,,,,,3,,,,,,,
DATAFLOW,OECD.WISE.INE:DSD_WISE_IDD@DF_IDD(1.0),Base de données sur la distribution des revenus,I,HUN,Hongrie,A,Annuelle,INC_DISP_GINI,,_Z,,0_TO_1,Échelle 0-1,_T,Total,METH2011,,D_CUR,,_Z,,2012,,0.29,,A,,,,,,3,,,,,,,
DATAFLOW,OECD.WISE.INE:DSD_WISE_IDD@DF_IDD(1.0),Base de données sur la distribution des revenus,I,ISL,Islande,A,Annuelle,INC_DISP_GINI,,_Z,,0_TO_1,Échelle 0-1,_T,Total,METH2011,,D_CUR,,_Z,,2004,,0.261,,A,,,,,,3,,,,,,,
DATAFLOW,OECD.WISE.INE:DSD_WISE_IDD@DF_IDD(1.0),Base de données sur la distribution des revenus,I,ISL,Islande,A,Annuelle,INC_DISP_GINI,,_Z,,0_TO_1,Échelle 0-1,_T,Total,METH2011,,D_CUR,,_Z,,2005,,0.273,,A,,,,,,3,,,,,,,
DATAFLOW,OECD.WISE.INE:DSD_WISE_IDD@DF_IDD(1.0),Base de données sur la distribution des revenus,I,ISL,Islande,A,Annuelle,INC_DISP_GINI,,_Z,,0_TO_1,Échelle 0-1,_T,Total,METH2011,,D_CUR,,_Z,,2006,,0.291,,A,,,,,,3,,,,,,,
DATAFLOW,OECD.WISE.INE:DSD_WISE_IDD@DF_IDD(1.0),Base de données sur la distribution des revenus,I,ISL,Islande,A,Annuelle,INC_DISP_GINI,,_Z,,0_TO_1,Échelle 0-1,_T,Total,METH2011,,D_CUR,,_Z,,2007,,0.283,,A,,,,,,3,,,,,,,
DATAFLOW,OECD.WISE.INE:DSD_WISE_IDD@DF_IDD(1.0),Base de données sur la distribution des revenus,I,ISL,Islande,A,Annuelle,INC_DISP_GINI,,_Z,,0_TO_1,Échelle 0-1,_T,Total,METH2011,,D_CUR,,_Z,,2008,,0.304,,A,,,,,,3,,,,,,,
DATAFLOW,OECD.WISE.INE:DSD_WISE_IDD@DF_IDD(1.0),Base de données sur la distribution des revenus,I,ISL,Islande,A,Annuelle,INC_DISP_GINI,,_Z,,0_TO_1,Échelle 0-1,_T,Total,METH2011,,D_CUR,,_Z,,2009,,0.266,,A,,,,,,3,,,,,,,
DATAFLOW,OECD.WISE.INE:DSD_WISE_IDD@DF_IDD(1.0),Base de données sur la distribution des revenus,I,ISL,Islande,A,Annuelle,INC_DISP_GINI,,_Z,,0_TO_1,Échelle 0-1,_T,Total,METH2011,,D_CUR,,_Z,,2010,,0.245,,A,,,,,,3,,,,,,,
DATAFLOW,OECD.WISE.INE:DSD_WISE_IDD@DF_IDD(1.0),Base de données sur la distribution des revenus,I,ISL,Islande,A,Annuelle,INC_DISP_GINI,,_Z,,0_TO_1,Échelle 0-1,_T,Total,METH2011,,D_CUR,,_Z,,2011,,0.25,,A,,,,,,3,,,,,,,
DATAFLOW,OECD.WISE.INE:DSD_WISE_IDD@DF_IDD(1.0),Base de données sur la distribution des revenus,I,ISL,Islande,A,Annuelle,INC_DISP_GINI,,_Z,,0_TO_1,Échelle 0-1,_T,Total,METH2011,,D_CUR,,_Z,,2012,,0.252,,A,,,,,,3,,,,,,,
DATAFLOW,OECD.WISE.INE:DSD_WISE_IDD@DF_IDD(1.0),Base de données sur la distribution des revenus,I,ISL,Islande,A,Annuelle,INC_DISP_GINI,,_Z,,0_TO_1,Échelle 0-1,_T,Total,METH2011,,D_CUR,,_Z,,2013,,0.24,,A,,,,,,3,,,,,,,
DATAFLOW,OECD.WISE.INE:DSD_WISE_IDD@DF_IDD(1.0),Base de données sur la distribution des revenus,I,IRL,Irlande,A,Annuelle,INC_DISP_GINI,,_Z,,0_TO_1,Échelle 0-1,_T,Total,METH2011,,D_CUR,,_Z,,2004,,0.323,,A,,,,,,3,,,,,,,
DATAFLOW,OECD.WISE.INE:DSD_WISE_IDD@DF_IDD(1.0),Base de données sur la distribution des revenus,I,IRL,Irlande,A,Annuelle,INC_DISP_GINI,,_Z,,0_TO_1,Échelle 0-1,_T,Total,METH2011,,D_CUR,,_Z,,2005,,0.323,,A,,,,,,3,,,,,,,
DATAFLOW,OECD.WISE.INE:DSD_WISE_IDD@DF_IDD(1.0),Base de données sur la distribution des revenus,I,IRL,Irlande,A,Annuelle,INC_DISP_GINI,,_Z,,0_TO_1,Échelle 0-1,_T,Total,METH2011,,D_CUR,,_Z,,2006,,0.315,,A,,,,,,3,,,,,,,
DATAFLOW,OECD.WISE.INE:DSD_WISE_IDD@DF_IDD(1.0),Base de données sur la distribution des revenus,I,IRL,Irlande,A,Annuelle,INC_DISP_GINI,,_Z,,0_TO_1,Échelle 0-1,_T,Total,METH2011,,D_CUR,,_Z,,2007,,0.303,,A,,,,,,3,,,,,,,
DATAFLOW,OECD.WISE.INE:DSD_WISE_IDD@DF_IDD(1.0),Base de données sur la distribution des revenus,I,IRL,Irlande,A,Annuelle,INC_DISP_GINI,,_Z,,0_TO_1,Échelle 0-1,_T,Total,METH2011,,D_CUR,,_Z,,2008,,0.295,,A,,,,,,3,,,,,,,
DATAFLOW,OECD.WISE.INE:DSD_WISE_IDD@DF_IDD(1.0),Base de données sur la distribution des revenus,I,IRL,Irlande,A,Annuelle,INC_DISP_GINI,,_Z,,0_TO_1,Échelle 0-1,_T,Total,METH2011,,D_CUR,,_Z,,2009,,0.312,,A,,,,,,3,,,,,,,
DATAFLOW,OECD.WISE.INE:DSD_WISE_IDD@DF_IDD(1.0),Base de données sur la distribution des revenus,I,IRL,Irlande,A,Annuelle,INC_DISP_GINI,,_Z,,0_TO_1,Échelle 0-1,_T,Total,METH2011,,D_CUR,,_Z,,2010,,0.298,,A,,,,,,3,,,,,,,
DATAFLOW,OECD.WISE.INE:DSD_WISE_IDD@DF_IDD(1.0),Base de données sur la distribution des revenus,I,IRL,Irlande,A,Annuelle,INC_DISP_GINI,,_Z,,0_TO_1,Échelle 0-1,_T,Total,METH2011,,D_CUR,,_Z,,2011,,0.3,,A,,,,,,3,,,,,,,
DATAFLOW,OECD.WISE.INE:DSD_WISE_IDD@DF_IDD(1.0),Base de données sur la distribution des revenus,I,IRL,Irlande,A,Annuelle,INC_DISP_GINI,,_Z,,0_TO_1,Échelle 0-1,_T,Total,METH2011,,D_CUR,,_Z,,2012,,0.302,,A,,,,,,3,,,,,,,
DATAFLOW,OECD.WISE.INE:DSD_WISE_IDD@DF_IDD(1.0),Base de données sur la distribution des revenus,I,IRL,Irlande,A,Annuelle,INC_DISP_GINI,,_Z,,0_TO_1,Échelle 0-1,_T,Total,METH2011,,D_CUR,,_Z,,2013,,0.307,,A,,,,,,3,,,,,,,
DATAFLOW,OECD.WISE.INE:DSD_WISE_IDD@DF_IDD(1.0),Base de données sur la distribution des revenus,I,ISR,Israël,A,Annuelle,INC_DISP_GINI,,_Z,,0_TO_1,Échelle 0-1,_T,Total,METH2011,,D_CUR,,_Z,,1985,,0.326,,A,,,,,,3,,,,,,,
DATAFLOW,OECD.WISE.INE:DSD_WISE_IDD@DF_IDD(1.0),Base de données sur la distribution des revenus,I,ISR,Israël,A,Annuelle,INC_DISP_GINI,,_Z,,0_TO_1,Échelle 0-1,_T,Total,METH2011,,D_CUR,,_Z,,1990,,0.329,,A,,,,,,3,,,,,,,
DATAFLOW,OECD.WISE.INE:DSD_WISE_IDD@DF_IDD(1.0),Base de données sur la distribution des revenus,I,ISR,Israël,A,Annuelle,INC_DISP_GINI,,_Z,,0_TO_1,Échelle 0-1,_T,Total,METH2011,,D_CUR,,_Z,,1995,,0.338,,A,,,,,,3,,,,,,,
DATAFLOW,OECD.WISE.INE:DSD_WISE_IDD@DF_IDD(1.0),Base de données sur la distribution des revenus,I,ISR,Israël,A,Annuelle,INC_DISP_GINI,,_Z,,0_TO_1,Échelle 0-1,_T,Total,METH2011,,D_CUR,,_Z,,2000,,0.347,,A,,,,,,3,,,,,,,
DATAFLOW,OECD.WISE.INE:DSD_WISE_IDD@DF_IDD(1.0),Base de données sur la distribution des revenus,I,ISR,Israël,A,Annuelle,INC_DISP_GINI,,_Z,,0_TO_1,Échelle 0-1,_T,Total,METH2011,,D_CUR,,_Z,,2005,,0.378,,A,,,,,,3,,,,,,,
DATAFLOW,OECD.WISE.INE:DSD_WISE_IDD@DF_IDD(1.0),Base de données sur la distribution des revenus,I,ISR,Israël,A,Annuelle,INC_DISP_GINI,,_Z,,0_TO_1,Échelle 0-1,_T,Total,METH2011,,D_CUR,,_Z,,2008,,0.371,,A,,,,,,3,,,,,,,
DATAFLOW,OECD.WISE.INE:DSD_WISE_IDD@DF_IDD(1.0),Base de données sur la distribution des revenus,I,ISR,Israël,A,Annuelle,INC_DISP_GINI,,_Z,,0_TO_1,Échelle 0-1,_T,Total,METH2011,,D_CUR,,_Z,,2009,,0.373,,A,,,,,,3,,,,,,,
DATAFLOW,OECD.WISE.INE:DSD_WISE_IDD@DF_IDD(1.0),Base de données sur la distribution des revenus,I,ISR,Israël,A,Annuelle,INC_DISP_GINI,,_Z,,0_TO_1,Échelle 0-1,_T,Total,METH2011,,D_CUR,,_Z,,2010,,0.376,,A,,,,,,3,,,,,,,
DATAFLOW,OECD.WISE.INE:DSD_WISE_IDD@DF_IDD(1.0),Base de données sur la distribution des revenus,I,ISR,Israël,A,Annuelle,INC_DISP_GINI,,_Z,,0_TO_1,Échelle 0-1,_T,Total,METH2011,,D_CUR,,_Z,,2011,,0.377,,A,,,,,,3,,,,,,,
DATAFLOW,OECD.WISE.INE:DSD_WISE_IDD@DF_IDD(1.0),Base de données sur la distribution des revenus,I,ITA,Italie,A,Annuelle,INC_DISP_GINI,,_Z,,0_TO_1,Échelle 0-1,_T,Total,METH2011,,D_CUR,,_Z,,1984,,0.291,,A,,,,,,3,,,,,,,
DATAFLOW,OECD.WISE.INE:DSD_WISE_IDD@DF_IDD(1.0),Base de données sur la distribution des revenus,I,ITA,Italie,A,Annuelle,INC_DISP_GINI,,_Z,,0_TO_1,Échelle 0-1,_T,Total,METH2011,,D_CUR,,_Z,,1991,,0.279,,A,,,,,,3,,,,,,,
DATAFLOW,OECD.WISE.INE:DSD_WISE_IDD@DF_IDD(1.0),Base de données sur la distribution des revenus,I,ITA,Italie,A,Annuelle,INC_DISP_GINI,,_Z,,0_TO_1,Échelle 0-1,_T,Total,METH2011,,D_CUR,,_Z,,1995,,0.327,,A,,,,,,3,,,,,,,
DATAFLOW,OECD.WISE.INE:DSD_WISE_IDD@DF_IDD(1.0),Base de données sur la distribution des revenus,I,ITA,Italie,A,Annuelle,INC_DISP_GINI,,_Z,,0_TO_1,Échelle 0-1,_T,Total,METH2011,,D_CUR,,_Z,,2000,,0.323,,A,,,,,,3,,,,,,,
DATAFLOW,OECD.WISE.INE:DSD_WISE_IDD@DF_IDD(1.0),Base de données sur la distribution des revenus,I,ITA,Italie,A,Annuelle,INC_DISP_GINI,,_Z,,0_TO_1,Échelle 0-1,_T,Total,METH2011,,D_CUR,,_Z,,2004,,0.331,,A,,,,,,3,,,,,,,
DATAFLOW,OECD.WISE.INE:DSD_WISE_IDD@DF_IDD(1.0),Base de données sur la distribution des revenus,I,ITA,Italie,A,Annuelle,INC_DISP_GINI,,_Z,,0_TO_1,Échelle 0-1,_T,Total,METH2011,,D_CUR,,_Z,,2008,,0.317,,A,,,,,,3,,,,,,,
DATAFLOW,OECD.WISE.INE:DSD_WISE_IDD@DF_IDD(1.0),Base de données sur la distribution des revenus,I,ITA,Italie,A,Annuelle,INC_DISP_GINI,,_Z,,0_TO_1,Échelle 0-1,_T,Total,METH2011,,D_CUR,,_Z,,2009,,0.315,,A,,,,,,3,,,,,,,
DATAFLOW,OECD.WISE.INE:DSD_WISE_IDD@DF_IDD(1.0),Base de données sur la distribution des revenus,I,ITA,Italie,A,Annuelle,INC_DISP_GINI,,_Z,,0_TO_1,Échelle 0-1,_T,Total,METH2011,,D_CUR,,_Z,,2010,,0.321,,A,,,,,,3,,,,,,,
DATAFLOW,OECD.WISE.INE:DSD_WISE_IDD@DF_IDD(1.0),Base de données sur la distribution des revenus,I,ITA,Italie,A,Annuelle,INC_DISP_GINI,,_Z,,0_TO_1,Échelle 0-1,_T,Total,METH2011,,D_CUR,,_Z,,2011,,0.326,,A,,,,,,3,,,,,,,
DATAFLOW,OECD.WISE.INE:DSD_WISE_IDD@DF_IDD(1.0),Base de données sur la distribution des revenus,I,ITA,Italie,A,Annuelle,INC_DISP_GINI,,_Z,,0_TO_1,Échelle 0-1,_T,Total,METH2011,,D_CUR,,_Z,,2012,,0.329,,A,,,,,,3,,,,,,,
DATAFLOW,OECD.WISE.INE:DSD_WISE_IDD@DF_IDD(1.0),Base de données sur la distribution des revenus,I,ITA,Italie,A,Annuelle,INC_DISP_GINI,,_Z,,0_TO_1,Échelle 0-1,_T,Total,METH2011,,D_CUR,,_Z,,2013,,0.324,,A,,,,,,3,,,,,,,
DATAFLOW,OECD.WISE.INE:DSD_WISE_IDD@DF_IDD(1.0),Base de données sur la distribution des revenus,I,JPN,Japon,A,Annuelle,INC_DISP_GINI,,_Z,,0_TO_1,Échelle 0-1,_T,Total,METH2011,,D_CUR,,_Z,,1985,,0.304,,A,,,,,,3,,,,,,,
DATAFLOW,OECD.WISE.INE:DSD_WISE_IDD@DF_IDD(1.0),Base de données sur la distribution des revenus,I,JPN,Japon,A,Annuelle,INC_DISP_GINI,,_Z,,0_TO_1,Échelle 0-1,_T,Total,METH2011,,D_CUR,,_Z,,1995,,0.323,,A,,,,,,3,,,,,,,
DATAFLOW,OECD.WISE.INE:DSD_WISE_IDD@DF_IDD(1.0),Base de données sur la distribution des revenus,I,JPN,Japon,A,Annuelle,INC_DISP_GINI,,_Z,,0_TO_1,Échelle 0-1,_T,Total,METH2011,,D_CUR,,_Z,,2000,,0.337,,A,,,,,,3,,,,,,,
DATAFLOW,OECD.WISE.INE:DSD_WISE_IDD@DF_IDD(1.0),Base de données sur la distribution des revenus,I,JPN,Japon,A,Annuelle,INC_DISP_GINI,,_Z,,0_TO_1,Échelle 0-1,_T,Total,METH2011,,D_CUR,,_Z,,2003,,0.321,,A,,,,,,3,,,,,,,
DATAFLOW,OECD.WISE.INE:DSD_WISE_IDD@DF_IDD(1.0),Base de données sur la distribution des revenus,I,JPN,Japon,A,Annuelle,INC_DISP_GINI,,_Z,,0_TO_1,Échelle 0-1,_T,Total,METH2011,,D_CUR,,_Z,,2006,,0.329,,A,,,,,,3,,,,,,,
DATAFLOW,OECD.WISE.INE:DSD_WISE_IDD@DF_IDD(1.0),Base de données sur la distribution des revenus,I,JPN,Japon,A,Annuelle,INC_DISP_GINI,,_Z,,0_TO_1,Échelle 0-1,_T,Total,METH2011,,D_CUR,,_Z,,2009,,0.336,,A,,,,,,3,,,,,,,
DATAFLOW,OECD.WISE.INE:DSD_WISE_IDD@DF_IDD(1.0),Base de données sur la distribution des revenus,I,JPN,Japon,A,Annuelle,INC_DISP_GINI,,_Z,,0_TO_1,Échelle 0-1,_T,Total,METH2011,,D_CUR,,_Z,,2012,,0.33,,A,,,,,,3,,,,,,,
DATAFLOW,OECD.WISE.INE:DSD_WISE_IDD@DF_IDD(1.0),Base de données sur la distribution des revenus,I,JPN,Japon,A,Annuelle,INC_DISP_GINI,,_Z,,0_TO_1,Échelle 0-1,_T,Total,METH2011,,D_CUR,,_Z,,2015,,0.339,,A,,,,,,3,,,,,,,
DATAFLOW,OECD.WISE.INE:DSD_WISE_IDD@DF_IDD(1.0),Base de données sur la distribution des revenus,I,JPN,Japon,A,Annuelle,INC_DISP_GINI,,_Z,,0_TO_1,Échelle 0-1,_T,Total,METH2011,,D_CUR,,_Z,,2018,,0.334,,A,,,,,,3,,,,,,,
DATAFLOW,OECD.WISE.INE:DSD_WISE_IDD@DF_IDD(1.0),Base de données sur la distribution des revenus,I,KOR,Corée,A,Annuelle,INC_DISP_GINI,,_Z,,0_TO_1,Échelle 0-1,_T,Total,METH2011,,D_CUR,,_Z,,2006,,0.306,,A,,,,,,3,,,,,,,
DATAFLOW,OECD.WISE.INE:DSD_WISE_IDD@DF_IDD(1.0),Base de données sur la distribution des revenus,I,KOR,Corée,A,Annuelle,INC_DISP_GINI,,_Z,,0_TO_1,Échelle 0-1,_T,Total,METH2011,,D_CUR,,_Z,,2007,,0.312,,A,,,,,,3,,,,,,,
DATAFLOW,OECD.WISE.INE:DSD_WISE_IDD@DF_IDD(1.0),Base de données sur la distribution des revenus,I,KOR,Corée,A,Annuelle,INC_DISP_GINI,,_Z,,0_TO_1,Échelle 0-1,_T,Total,METH2011,,D_CUR,,_Z,,2008,,0.314,,A,,,,,,3,,,,,,,
DATAFLOW,OECD.WISE.INE:DSD_WISE_IDD@DF_IDD(1.0),Base de données sur la distribution des revenus,I,KOR,Corée,A,Annuelle,INC_DISP_GINI,,_Z,,0_TO_1,Échelle 0-1,_T,Total,METH2011,,D_CUR,,_Z,,2009,,0.314,,A,,,,,,3,,,,,,,
DATAFLOW,OECD.WISE.INE:DSD_WISE_IDD@DF_IDD(1.0),Base de données sur la distribution des revenus,I,KOR,Corée,A,Annuelle,INC_DISP_GINI,,_Z,,0_TO_1,Échelle 0-1,_T,Total,METH2011,,D_CUR,,_Z,,2010,,0.31,,A,,,,,,3,,,,,,,
DATAFLOW,OECD.WISE.INE:DSD_WISE_IDD@DF_IDD(1.0),Base de données sur la distribution des revenus,I,KOR,Corée,A,Annuelle,INC_DISP_GINI,,_Z,,0_TO_1,Échelle 0-1,_T,Total,METH2011,,D_CUR,,_Z,,2011,,0.311,,A,,,,,,3,,,,,,,
DATAFLOW,OECD.WISE.INE:DSD_WISE_IDD@DF_IDD(1.0),Base de données sur la distribution des revenus,I,KOR,Corée,A,Annuelle,INC_DISP_GINI,,_Z,,0_TO_1,Échelle 0-1,_T,Total,METH2011,,D_CUR,,_Z,,2012,,0.307,,A,,,,,,3,,,,,,,
DATAFLOW,OECD.WISE.INE:DSD_WISE_IDD@DF_IDD(1.0),Base de données sur la distribution des revenus,I,LVA,Lettonie,A,Annuelle,INC_DISP_GINI,,_Z,,0_TO_1,Échelle 0-1,_T,Total,METH2011,,D_CUR,,_Z,,2004,,0.363,,A,,,,,,3,,,,,,,
DATAFLOW,OECD.WISE.INE:DSD_WISE_IDD@DF_IDD(1.0),Base de données sur la distribution des revenus,I,LVA,Lettonie,A,Annuelle,INC_DISP_GINI,,_Z,,0_TO_1,Échelle 0-1,_T,Total,METH2011,,D_CUR,,_Z,,2005,,0.392,,A,,,,,,3,,,,,,,
DATAFLOW,OECD.WISE.INE:DSD_WISE_IDD@DF_IDD(1.0),Base de données sur la distribution des revenus,I,LVA,Lettonie,A,Annuelle,INC_DISP_GINI,,_Z,,0_TO_1,Échelle 0-1,_T,Total,METH2011,,D_CUR,,_Z,,2006,,0.36,,A,,,,,,3,,,,,,,
DATAFLOW,OECD.WISE.INE:DSD_WISE_IDD@DF_IDD(1.0),Base de données sur la distribution des revenus,I,LVA,Lettonie,A,Annuelle,INC_DISP_GINI,,_Z,,0_TO_1,Échelle 0-1,_T,Total,METH2011,,D_CUR,,_Z,,2007,,0.381,,A,,,,,,3,,,,,,,
DATAFLOW,OECD.WISE.INE:DSD_WISE_IDD@DF_IDD(1.0),Base de données sur la distribution des revenus,I,LVA,Lettonie,A,Annuelle,INC_DISP_GINI,,_Z,,0_TO_1,Échelle 0-1,_T,Total,METH2011,,D_CUR,,_Z,,2008,,0.381,,A,,,,,,3,,,,,,,
DATAFLOW,OECD.WISE.INE:DSD_WISE_IDD@DF_IDD(1.0),Base de données sur la distribution des revenus,I,LVA,Lettonie,A,Annuelle,INC_DISP_GINI,,_Z,,0_TO_1,Échelle 0-1,_T,Total,METH2011,,D_CUR,,_Z,,2009,,0.362,,A,,,,,,3,,,,,,,
DATAFLOW,OECD.WISE.INE:DSD_WISE_IDD@DF_IDD(1.0),Base de données sur la distribution des revenus,I,LVA,Lettonie,A,Annuelle,INC_DISP_GINI,,_Z,,0_TO_1,Échelle 0-1,_T,Total,METH2011,,D_CUR,,_Z,,2010,,0.355,,A,,,,,,3,,,,,,,
DATAFLOW,OECD.WISE.INE:DSD_WISE_IDD@DF_IDD(1.0),Base de données sur la distribution des revenus,I,LVA,Lettonie,A,Annuelle,INC_DISP_GINI,,_Z,,0_TO_1,Échelle 0-1,_T,Total,METH2011,,D_CUR,,_Z,,2011,,0.361,,A,,,,,,3,,,,,,,
DATAFLOW,OECD.WISE.INE:DSD_WISE_IDD@DF_IDD(1.0),Base de données sur la distribution des revenus,I,LVA,Lettonie,A,Annuelle,INC_DISP_GINI,,_Z,,0_TO_1,Échelle 0-1,_T,Total,METH2011,,D_CUR,,_Z,,2012,,0.355,,A,,,,,,3,,,,,,,
DATAFLOW,OECD.WISE.INE:DSD_WISE_IDD@DF_IDD(1.0),Base de données sur la distribution des revenus,I,LVA,Lettonie,A,Annuelle,INC_DISP_GINI,,_Z,,0_TO_1,Échelle 0-1,_T,Total,METH2011,,D_CUR,,_Z,,2013,,0.36,,A,,,,,,3,,,,,,,
DATAFLOW,OECD.WISE.INE:DSD_WISE_IDD@DF_IDD(1.0),Base de données sur la distribution des revenus,I,LTU,Lituanie,A,Annuelle,INC_DISP_GINI,,_Z,,0_TO_1,Échelle 0-1,_T,Total,METH2011,,D_CUR,,_Z,,2004,,0.366,,A,,,,,,3,,,,,,,
DATAFLOW,OECD.WISE.INE:DSD_WISE_IDD@DF_IDD(1.0),Base de données sur la distribution des revenus,I,LTU,Lituanie,A,Annuelle,INC_DISP_GINI,,_Z,,0_TO_1,Échelle 0-1,_T,Total,METH2011,,D_CUR,,_Z,,2005,,0.351,,A,,,,,,3,,,,,,,
DATAFLOW,OECD.WISE.INE:DSD_WISE_IDD@DF_IDD(1.0),Base de données sur la distribution des revenus,I,LTU,Lituanie,A,Annuelle,INC_DISP_GINI,,_Z,,0_TO_1,Échelle 0-1,_T,Total,METH2011,,D_CUR,,_Z,,2006,,0.339,,A,,,,,,3,,,,,,,
DATAFLOW,OECD.WISE.INE:DSD_WISE_IDD@DF_IDD(1.0),Base de données sur la distribution des revenus,I,LTU,Lituanie,A,Annuelle,INC_DISP_GINI,,_Z,,0_TO_1,Échelle 0-1,_T,Total,METH2011,,D_CUR,,_Z,,2007,,0.345,,A,,,,,,3,,,,,,,
DATAFLOW,OECD.WISE.INE:DSD_WISE_IDD@DF_IDD(1.0),Base de données sur la distribution des revenus,I,LTU,Lituanie,A,Annuelle,INC_DISP_GINI,,_Z,,0_TO_1,Échelle 0-1,_T,Total,METH2011,,D_CUR,,_Z,,2008,,0.364,,A,,,,,,3,,,,,,,
DATAFLOW,OECD.WISE.INE:DSD_WISE_IDD@DF_IDD(1.0),Base de données sur la distribution des revenus,I,LTU,Lituanie,A,Annuelle,INC_DISP_GINI,,_Z,,0_TO_1,Échelle 0-1,_T,Total,METH2011,,D_CUR,,_Z,,2009,,0.373,,A,,,,,,3,,,,,,,
DATAFLOW,OECD.WISE.INE:DSD_WISE_IDD@DF_IDD(1.0),Base de données sur la distribution des revenus,I,LTU,Lituanie,A,Annuelle,INC_DISP_GINI,,_Z,,0_TO_1,Échelle 0-1,_T,Total,METH2011,,D_CUR,,_Z,,2010,,0.335,,A,,,,,,3,,,,,,,
DATAFLOW,OECD.WISE.INE:DSD_WISE_IDD@DF_IDD(1.0),Base de données sur la distribution des revenus,I,LTU,Lituanie,A,Annuelle,INC_DISP_GINI,,_Z,,0_TO_1,Échelle 0-1,_T,Total,METH2011,,D_CUR,,_Z,,2011,,0.326,,A,,,,,,3,,,,,,,
DATAFLOW,OECD.WISE.INE:DSD_WISE_IDD@DF_IDD(1.0),Base de données sur la distribution des revenus,I,LTU,Lituanie,A,Annuelle,INC_DISP_GINI,,_Z,,0_TO_1,Échelle 0-1,_T,Total,METH2011,,D_CUR,,_Z,,2012,,0.352,,A,,,,,,3,,,,,,,
DATAFLOW,OECD.WISE.INE:DSD_WISE_IDD@DF_IDD(1.0),Base de données sur la distribution des revenus,I,LTU,Lituanie,A,Annuelle,INC_DISP_GINI,,_Z,,0_TO_1,Échelle 0-1,_T,Total,METH2011,,D_CUR,,_Z,,2013,,0.354,,A,,,,,,3,,,,,,,
DATAFLOW,OECD.WISE.INE:DSD_WISE_IDD@DF_IDD(1.0),Base de données sur la distribution des revenus,I,LUX,Luxembourg,A,Annuelle,INC_DISP_GINI,,_Z,,0_TO_1,Échelle 0-1,_T,Total,METH2011,,D_CUR,,_Z,,1986,,0.247,,A,,,,,,3,,,,,,,
DATAFLOW,OECD.WISE.INE:DSD_WISE_IDD@DF_IDD(1.0),Base de données sur la distribution des revenus,I,LUX,Luxembourg,A,Annuelle,INC_DISP_GINI,,_Z,,0_TO_1,Échelle 0-1,_T,Total,METH2011,,D_CUR,,_Z,,1996,,0.259,,A,,,,,,3,,,,,,,
DATAFLOW,OECD.WISE.INE:DSD_WISE_IDD@DF_IDD(1.0),Base de données sur la distribution des revenus,I,LUX,Luxembourg,A,Annuelle,INC_DISP_GINI,,_Z,,0_TO_1,Échelle 0-1,_T,Total,METH2011,,D_CUR,,_Z,,2001,,0.261,,A,,,,,,3,,,,,,,
DATAFLOW,OECD.WISE.INE:DSD_WISE_IDD@DF_IDD(1.0),Base de données sur la distribution des revenus,I,LUX,Luxembourg,A,Annuelle,INC_DISP_GINI,,_Z,,0_TO_1,Échelle 0-1,_T,Total,METH2011,,D_CUR,,_Z,,2004,,0.263,,A,,,,,,3,,,,,,,
DATAFLOW,OECD.WISE.INE:DSD_WISE_IDD@DF_IDD(1.0),Base de données sur la distribution des revenus,I,LUX,Luxembourg,A,Annuelle,INC_DISP_GINI,,_Z,,0_TO_1,Échelle 0-1,_T,Total,METH2011,,D_CUR,,_Z,,2005,,0.281,,A,,,,,,3,,,,,,,
DATAFLOW,OECD.WISE.INE:DSD_WISE_IDD@DF_IDD(1.0),Base de données sur la distribution des revenus,I,LUX,Luxembourg,A,Annuelle,INC_DISP_GINI,,_Z,,0_TO_1,Échelle 0-1,_T,Total,METH2011,,D_CUR,,_Z,,2006,,0.274,,A,,,,,,3,,,,,,,
DATAFLOW,OECD.WISE.INE:DSD_WISE_IDD@DF_IDD(1.0),Base de données sur la distribution des revenus,I,LUX,Luxembourg,A,Annuelle,INC_DISP_GINI,,_Z,,0_TO_1,Échelle 0-1,_T,Total,METH2011,,D_CUR,,_Z,,2007,,0.275,,A,,,,,,3,,,,,,,
DATAFLOW,OECD.WISE.INE:DSD_WISE_IDD@DF_IDD(1.0),Base de données sur la distribution des revenus,I,LUX,Luxembourg,A,Annuelle,INC_DISP_GINI,,_Z,,0_TO_1,Échelle 0-1,_T,Total,METH2011,,D_CUR,,_Z,,2008,,0.289,,A,,,,,,3,,,,,,,
DATAFLOW,OECD.WISE.INE:DSD_WISE_IDD@DF_IDD(1.0),Base de données sur la distribution des revenus,I,LUX,Luxembourg,A,Annuelle,INC_DISP_GINI,,_Z,,0_TO_1,Échelle 0-1,_T,Total,METH2011,,D_CUR,,_Z,,2009,,0.277,,A,,,,,,3,,,,,,,
DATAFLOW,OECD.WISE.INE:DSD_WISE_IDD@DF_IDD(1.0),Base de données sur la distribution des revenus,I,LUX,Luxembourg,A,Annuelle,INC_DISP_GINI,,_Z,,0_TO_1,Échelle 0-1,_T,Total,METH2011,,D_CUR,,_Z,,2010,,0.27,,A,,,,,,3,,,,,,,
DATAFLOW,OECD.WISE.INE:DSD_WISE_IDD@DF_IDD(1.0),Base de données sur la distribution des revenus,I,LUX,Luxembourg,A,Annuelle,INC_DISP_GINI,,_Z,,0_TO_1,Échelle 0-1,_T,Total,METH2011,,D_CUR,,_Z,,2011,,0.276,,A,,,,,,3,,,,,,,
DATAFLOW,OECD.WISE.INE:DSD_WISE_IDD@DF_IDD(1.0),Base de données sur la distribution des revenus,I,LUX,Luxembourg,A,Annuelle,INC_DISP_GINI,,_Z,,0_TO_1,Échelle 0-1,_T,Total,METH2011,,D_CUR,,_Z,,2012,,0.298,,A,,,,,,3,,,,,,,
DATAFLOW,OECD.WISE.INE:DSD_WISE_IDD@DF_IDD(1.0),Base de données sur la distribution des revenus,I,LUX,Luxembourg,A,Annuelle,INC_DISP_GINI,,_Z,,0_TO_1,Échelle 0-1,_T,Total,METH2011,,D_CUR,,_Z,,2013,,0.279,,A,,,,,,3,,,,,,,
DATAFLOW,OECD.WISE.INE:DSD_WISE_IDD@DF_IDD(1.0),Base de données sur la distribution des revenus,I,MEX,Mexique,A,Annuelle,INC_DISP_GINI,,_Z,,0_TO_1,Échelle 0-1,_T,Total,METH2011,,D_CUR,,_Z,,1984,,0.452,,A,,,,,,3,,,,,,,
DATAFLOW,OECD.WISE.INE:DSD_WISE_IDD@DF_IDD(1.0),Base de données sur la distribution des revenus,I,MEX,Mexique,A,Annuelle,INC_DISP_GINI,,_Z,,0_TO_1,Échelle 0-1,_T,Total,METH2011,,D_CUR,,_Z,,1989,,0.495,,A,,,,,,3,,,,,,,
DATAFLOW,OECD.WISE.INE:DSD_WISE_IDD@DF_IDD(1.0),Base de données sur la distribution des revenus,I,MEX,Mexique,A,Annuelle,INC_DISP_GINI,,_Z,,0_TO_1,Échelle 0-1,_T,Total,METH2011,,D_CUR,,_Z,,1992,,0.512,,A,,,,,,3,,,,,,,
DATAFLOW,OECD.WISE.INE:DSD_WISE_IDD@DF_IDD(1.0),Base de données sur la distribution des revenus,I,MEX,Mexique,A,Annuelle,INC_DISP_GINI,,_Z,,0_TO_1,Échelle 0-1,_T,Total,METH2011,,D_CUR,,_Z,,1994,,0.519,,A,,,,,,3,,,,,,,
DATAFLOW,OECD.WISE.INE:DSD_WISE_IDD@DF_IDD(1.0),Base de données sur la distribution des revenus,I,MEX,Mexique,A,Annuelle,INC_DISP_GINI,,_Z,,0_TO_1,Échelle 0-1,_T,Total,METH2011,,D_CUR,,_Z,,1996,,0.504,,A,,,,,,3,,,,,,,
DATAFLOW,OECD.WISE.INE:DSD_WISE_IDD@DF_IDD(1.0),Base de données sur la distribution des revenus,I,MEX,Mexique,A,Annuelle,INC_DISP_GINI,,_Z,,0_TO_1,Échelle 0-1,_T,Total,METH2011,,D_CUR,,_Z,,1998,,0.513,,A,,,,,,3,,,,,,,
DATAFLOW,OECD.WISE.INE:DSD_WISE_IDD@DF_IDD(1.0),Base de données sur la distribution des revenus,I,MEX,Mexique,A,Annuelle,INC_DISP_GINI,,_Z,,0_TO_1,Échelle 0-1,_T,Total,METH2011,,D_CUR,,_Z,,2000,,0.507,,A,,,,,,3,,,,,,,
DATAFLOW,OECD.WISE.INE:DSD_WISE_IDD@DF_IDD(1.0),Base de données sur la distribution des revenus,I,MEX,Mexique,A,Annuelle,INC_DISP_GINI,,_Z,,0_TO_1,Échelle 0-1,_T,Total,METH2011,,D_CUR,,_Z,,2002,,0.487,,A,,,,,,3,,,,,,,
DATAFLOW,OECD.WISE.INE:DSD_WISE_IDD@DF_IDD(1.0),Base de données sur la distribution des revenus,I,MEX,Mexique,A,Annuelle,INC_DISP_GINI,,_Z,,0_TO_1,Échelle 0-1,_T,Total,METH2011,,D_CUR,,_Z,,2004,,0.474,,A,,,,,,3,,,,,,,
DATAFLOW,OECD.WISE.INE:DSD_WISE_IDD@DF_IDD(1.0),Base de données sur la distribution des revenus,I,MEX,Mexique,A,Annuelle,INC_DISP_GINI,,_Z,,0_TO_1,Échelle 0-1,_T,Total,METH2011,,D_CUR,,_Z,,2005,,0.486,,A,,,,,,3,,,,,,,
DATAFLOW,OECD.WISE.INE:DSD_WISE_IDD@DF_IDD(1.0),Base de données sur la distribution des revenus,I,MEX,Mexique,A,Annuelle,INC_DISP_GINI,,_Z,,0_TO_1,Échelle 0-1,_T,Total,METH2011,,D_CUR,,_Z,,2006,,0.471,,A,,,,,,3,,,,,,,
DATAFLOW,OECD.WISE.INE:DSD_WISE_IDD@DF_IDD(1.0),Base de données sur la distribution des revenus,I,MEX,Mexique,A,Annuelle,INC_DISP_GINI,,_Z,,0_TO_1,Échelle 0-1,_T,Total,METH2011,,D_CUR,,_Z,,2008,,0.475,,A,,,,,,3,,,,,,,
DATAFLOW,OECD.WISE.INE:DSD_WISE_IDD@DF_IDD(1.0),Base de données sur la distribution des revenus,I,MEX,Mexique,A,Annuelle,INC_DISP_GINI,,_Z,,0_TO_1,Échelle 0-1,_T,Total,METH2011,,D_CUR,,_Z,,2010,,0.466,,A,,,,,,3,,,,,,,
DATAFLOW,OECD.WISE.INE:DSD_WISE_IDD@DF_IDD(1.0),Base de données sur la distribution des revenus,I,MEX,Mexique,A,Annuelle,INC_DISP_GINI,,_Z,,0_TO_1,Échelle 0-1,_T,Total,METH2011,,D_CUR,,_Z,,2012,,0.482,,A,,,,,,3,,,,,,,
DATAFLOW,OECD.WISE.INE:DSD_WISE_IDD@DF_IDD(1.0),Base de données sur la distribution des revenus,I,NLD,Pays-Bas,A,Annuelle,INC_DISP_GINI,,_Z,,0_TO_1,Échelle 0-1,_T,Total,METH2011,,D_CUR,,_Z,,1977,,0.263,,A,,,,,,3,,,,,,,
DATAFLOW,OECD.WISE.INE:DSD_WISE_IDD@DF_IDD(1.0),Base de données sur la distribution des revenus,I,NLD,Pays-Bas,A,Annuelle,INC_DISP_GINI,,_Z,,0_TO_1,Échelle 0-1,_T,Total,METH2011,,D_CUR,,_Z,,1985,,0.272,,A,,,,,,3,,,,,,,
DATAFLOW,OECD.WISE.INE:DSD_WISE_IDD@DF_IDD(1.0),Base de données sur la distribution des revenus,I,NLD,Pays-Bas,A,Annuelle,INC_DISP_GINI,,_Z,,0_TO_1,Échelle 0-1,_T,Total,METH2011,,D_CUR,,_Z,,1990,,0.292,,A,,,,,,3,,,,,,,
DATAFLOW,OECD.WISE.INE:DSD_WISE_IDD@DF_IDD(1.0),Base de données sur la distribution des revenus,I,NLD,Pays-Bas,A,Annuelle,INC_DISP_GINI,,_Z,,0_TO_1,Échelle 0-1,_T,Total,METH2011,,D_CUR,,_Z,,1995,,0.297,,A,,,,,,3,,,,,,,
DATAFLOW,OECD.WISE.INE:DSD_WISE_IDD@DF_IDD(1.0),Base de données sur la distribution des revenus,I,NLD,Pays-Bas,A,Annuelle,INC_DISP_GINI,,_Z,,0_TO_1,Échelle 0-1,_T,Total,METH2011,,D_CUR,,_Z,,2000,,0.292,,A,,,,,,3,,,,,,,
DATAFLOW,OECD.WISE.INE:DSD_WISE_IDD@DF_IDD(1.0),Base de données sur la distribution des revenus,I,NLD,Pays-Bas,A,Annuelle,INC_DISP_GINI,,_Z,,0_TO_1,Échelle 0-1,_T,Total,METH2011,,D_CUR,,_Z,,2005,,0.284,,A,,,,,,3,,,,,,,
DATAFLOW,OECD.WISE.INE:DSD_WISE_IDD@DF_IDD(1.0),Base de données sur la distribution des revenus,I,NLD,Pays-Bas,A,Annuelle,INC_DISP_GINI,,_Z,,0_TO_1,Échelle 0-1,_T,Total,METH2011,,D_CUR,,_Z,,2006,,0.28,,A,,,,,,3,,,,,,,
DATAFLOW,OECD.WISE.INE:DSD_WISE_IDD@DF_IDD(1.0),Base de données sur la distribution des revenus,I,NLD,Pays-Bas,A,Annuelle,INC_DISP_GINI,,_Z,,0_TO_1,Échelle 0-1,_T,Total,METH2011,,D_CUR,,_Z,,2007,,0.295,,A,,,,,,3,,,,,,,
DATAFLOW,OECD.WISE.INE:DSD_WISE_IDD@DF_IDD(1.0),Base de données sur la distribution des revenus,I,NLD,Pays-Bas,A,Annuelle,INC_DISP_GINI,,_Z,,0_TO_1,Échelle 0-1,_T,Total,METH2011,,D_CUR,,_Z,,2008,,0.286,,A,,,,,,3,,,,,,,
DATAFLOW,OECD.WISE.INE:DSD_WISE_IDD@DF_IDD(1.0),Base de données sur la distribution des revenus,I,NLD,Pays-Bas,A,Annuelle,INC_DISP_GINI,,_Z,,0_TO_1,Échelle 0-1,_T,Total,METH2011,,D_CUR,,_Z,,2009,,0.283,,A,,,,,,3,,,,,,,
DATAFLOW,OECD.WISE.INE:DSD_WISE_IDD@DF_IDD(1.0),Base de données sur la distribution des revenus,I,NLD,Pays-Bas,A,Annuelle,INC_DISP_GINI,,_Z,,0_TO_1,Échelle 0-1,_T,Total,METH2011,,D_CUR,,_Z,,2010,,0.283,,A,,,,,,3,,,,,,,
DATAFLOW,OECD.WISE.INE:DSD_WISE_IDD@DF_IDD(1.0),Base de données sur la distribution des revenus,I,NLD,Pays-Bas,A,Annuelle,INC_DISP_GINI,,_Z,,0_TO_1,Échelle 0-1,_T,Total,METH2011,,D_CUR,,_Z,,2012,,0.278,,A,,,,,,3,,,,,,,
DATAFLOW,OECD.WISE.INE:DSD_WISE_IDD@DF_IDD(1.0),Base de données sur la distribution des revenus,I,NZL,Nouvelle-Zélande,A,Annuelle,INC_DISP_GINI,,_Z,,0_TO_1,Échelle 0-1,_T,Total,METH2011,,D_CUR,,_Z,,1985,,0.271,,A,,,,,,3,,,,,,,
DATAFLOW,OECD.WISE.INE:DSD_WISE_IDD@DF_IDD(1.0),Base de données sur la distribution des revenus,I,NZL,Nouvelle-Zélande,A,Annuelle,INC_DISP_GINI,,_Z,,0_TO_1,Échelle 0-1,_T,Total,METH2011,,D_CUR,,_Z,,1990,,0.318,,A,,,,,,3,,,,,,,
DATAFLOW,OECD.WISE.INE:DSD_WISE_IDD@DF_IDD(1.0),Base de données sur la distribution des revenus,I,NZL,Nouvelle-Zélande,A,Annuelle,INC_DISP_GINI,,_Z,,0_TO_1,Échelle 0-1,_T,Total,METH2011,,D_CUR,,_Z,,1995,,0.335,,A,,,,,,3,,,,,,,
DATAFLOW,OECD.WISE.INE:DSD_WISE_IDD@DF_IDD(1.0),Base de données sur la distribution des revenus,I,NZL,Nouvelle-Zélande,A,Annuelle,INC_DISP_GINI,,_Z,,0_TO_1,Échelle 0-1,_T,Total,METH2011,,D_CUR,,_Z,,2000,,0.339,,A,,,,,,3,,,,,,,
DATAFLOW,OECD.WISE.INE:DSD_WISE_IDD@DF_IDD(1.0),Base de données sur la distribution des revenus,I,NZL,Nouvelle-Zélande,A,Annuelle,INC_DISP_GINI,,_Z,,0_TO_1,Échelle 0-1,_T,Total,METH2011,,D_CUR,,_Z,,2003,,0.335,,A,,,,,,3,,,,,,,
DATAFLOW,OECD.WISE.INE:DSD_WISE_IDD@DF_IDD(1.0),Base de données sur la distribution des revenus,I,NZL,Nouvelle-Zélande,A,Annuelle,INC_DISP_GINI,,_Z,,0_TO_1,Échelle 0-1,_T,Total,METH2011,,D_CUR,,_Z,,2008,,0.33,,A,,,,,,3,,,,,,,
DATAFLOW,OECD.WISE.INE:DSD_WISE_IDD@DF_IDD(1.0),Base de données sur la distribution des revenus,I,NZL,Nouvelle-Zélande,A,Annuelle,INC_DISP_GINI,,_Z,,0_TO_1,Échelle 0-1,_T,Total,METH2011,,D_CUR,,_Z,,2009,,0.324,,A,,,,,,3,,,,,,,
DATAFLOW,OECD.WISE.INE:DSD_WISE_IDD@DF_IDD(1.0),Base de données sur la distribution des revenus,I,NZL,Nouvelle-Zélande,A,Annuelle,INC_DISP_GINI,,_Z,,0_TO_1,Échelle 0-1,_T,Total,METH2011,,D_CUR,,_Z,,2011,,0.323,,A,,,,,,3,,,,,,,
DATAFLOW,OECD.WISE.INE:DSD_WISE_IDD@DF_IDD(1.0),Base de données sur la distribution des revenus,I,NOR,Norvège,A,Annuelle,INC_DISP_GINI,,_Z,,0_TO_1,Échelle 0-1,_T,Total,METH2011,,D_CUR,,_Z,,1986,,0.222,,A,,,,,,3,,,,,,,
DATAFLOW,OECD.WISE.INE:DSD_WISE_IDD@DF_IDD(1.0),Base de données sur la distribution des revenus,I,NOR,Norvège,A,Annuelle,INC_DISP_GINI,,_Z,,0_TO_1,Échelle 0-1,_T,Total,METH2011,,D_CUR,,_Z,,1995,,0.243,,A,,,,,,3,,,,,,,
DATAFLOW,OECD.WISE.INE:DSD_WISE_IDD@DF_IDD(1.0),Base de données sur la distribution des revenus,I,NOR,Norvège,A,Annuelle,INC_DISP_GINI,,_Z,,0_TO_1,Échelle 0-1,_T,Total,METH2011,,D_CUR,,_Z,,2000,,0.261,,A,,,,,,3,,,,,,,
DATAFLOW,OECD.WISE.INE:DSD_WISE_IDD@DF_IDD(1.0),Base de données sur la distribution des revenus,I,NOR,Norvège,A,Annuelle,INC_DISP_GINI,,_Z,,0_TO_1,Échelle 0-1,_T,Total,METH2011,,D_CUR,,_Z,,2004,,0.276,,A,,,,,,3,,,,,,,
DATAFLOW,OECD.WISE.INE:DSD_WISE_IDD@DF_IDD(1.0),Base de données sur la distribution des revenus,I,NOR,Norvège,A,Annuelle,INC_DISP_GINI,,_Z,,0_TO_1,Échelle 0-1,_T,Total,METH2011,,D_CUR,,_Z,,2008,,0.25,,A,,,,,,3,,,,,,,
DATAFLOW,OECD.WISE.INE:DSD_WISE_IDD@DF_IDD(1.0),Base de données sur la distribution des revenus,I,NOR,Norvège,A,Annuelle,INC_DISP_GINI,,_Z,,0_TO_1,Échelle 0-1,_T,Total,METH2011,,D_CUR,,_Z,,2009,,0.245,,A,,,,,,3,,,,,,,
DATAFLOW,OECD.WISE.INE:DSD_WISE_IDD@DF_IDD(1.0),Base de données sur la distribution des revenus,I,NOR,Norvège,A,Annuelle,INC_DISP_GINI,,_Z,,0_TO_1,Échelle 0-1,_T,Total,METH2011,,D_CUR,,_Z,,2010,,0.249,,A,,,,,,3,,,,,,,
DATAFLOW,OECD.WISE.INE:DSD_WISE_IDD@DF_IDD(1.0),Base de données sur la distribution des revenus,I,NOR,Norvège,A,Annuelle,INC_DISP_GINI,,_Z,,0_TO_1,Échelle 0-1,_T,Total,METH2011,,D_CUR,,_Z,,2011,,0.25,,A,,,,,,3,,,,,,,
DATAFLOW,OECD.WISE.INE:DSD_WISE_IDD@DF_IDD(1.0),Base de données sur la distribution des revenus,I,POL,Pologne,A,Annuelle,INC_DISP_GINI,,_Z,,0_TO_1,Échelle 0-1,_T,Total,METH2011,,D_CUR,,_Z,,2005,,0.327,,A,,,,,,3,,,,,,,
DATAFLOW,OECD.WISE.INE:DSD_WISE_IDD@DF_IDD(1.0),Base de données sur la distribution des revenus,I,POL,Pologne,A,Annuelle,INC_DISP_GINI,,_Z,,0_TO_1,Échelle 0-1,_T,Total,METH2011,,D_CUR,,_Z,,2006,,0.317,,A,,,,,,3,,,,,,,
DATAFLOW,OECD.WISE.INE:DSD_WISE_IDD@DF_IDD(1.0),Base de données sur la distribution des revenus,I,POL,Pologne,A,Annuelle,INC_DISP_GINI,,_Z,,0_TO_1,Échelle 0-1,_T,Total,METH2011,,D_CUR,,_Z,,2007,,0.318,,A,,,,,,3,,,,,,,
DATAFLOW,OECD.WISE.INE:DSD_WISE_IDD@DF_IDD(1.0),Base de données sur la distribution des revenus,I,POL,Pologne,A,Annuelle,INC_DISP_GINI,,_Z,,0_TO_1,Échelle 0-1,_T,Total,METH2011,,D_CUR,,_Z,,2008,,0.31,,A,,,,,,3,,,,,,,
DATAFLOW,OECD.WISE.INE:DSD_WISE_IDD@DF_IDD(1.0),Base de données sur la distribution des revenus,I,POL,Pologne,A,Annuelle,INC_DISP_GINI,,_Z,,0_TO_1,Échelle 0-1,_T,Total,METH2011,,D_CUR,,_Z,,2009,,0.306,,A,,,,,,3,,,,,,,
DATAFLOW,OECD.WISE.INE:DSD_WISE_IDD@DF_IDD(1.0),Base de données sur la distribution des revenus,I,POL,Pologne,A,Annuelle,INC_DISP_GINI,,_Z,,0_TO_1,Échelle 0-1,_T,Total,METH2011,,D_CUR,,_Z,,2010,,0.307,,A,,,,,,3,,,,,,,
DATAFLOW,OECD.WISE.INE:DSD_WISE_IDD@DF_IDD(1.0),Base de données sur la distribution des revenus,I,POL,Pologne,A,Annuelle,INC_DISP_GINI,,_Z,,0_TO_1,Échelle 0-1,_T,Total,METH2011,,D_CUR,,_Z,,2011,,0.303,,A,,,,,,3,,,,,,,
DATAFLOW,OECD.WISE.INE:DSD_WISE_IDD@DF_IDD(1.0),Base de données sur la distribution des revenus,I,POL,Pologne,A,Annuelle,INC_DISP_GINI,,_Z,,0_TO_1,Échelle 0-1,_T,Total,METH2011,,D_CUR,,_Z,,2012,,0.3,,A,,,,,,3,,,,,,,
DATAFLOW,OECD.WISE.INE:DSD_WISE_IDD@DF_IDD(1.0),Base de données sur la distribution des revenus,I,POL,Pologne,A,Annuelle,INC_DISP_GINI,,_Z,,0_TO_1,Échelle 0-1,_T,Total,METH2011,,D_CUR,,_Z,,2013,,0.301,,A,,,,,,3,,,,,,,
DATAFLOW,OECD.WISE.INE:DSD_WISE_IDD@DF_IDD(1.0),Base de données sur la distribution des revenus,I,PRT,Portugal,A,Annuelle,INC_DISP_GINI,,_Z,,0_TO_1,Échelle 0-1,_T,Total,METH2011,,D_CUR,,_Z,,2004,,0.383,,A,,,,,,3,,,,,,,
DATAFLOW,OECD.WISE.INE:DSD_WISE_IDD@DF_IDD(1.0),Base de données sur la distribution des revenus,I,PRT,Portugal,A,Annuelle,INC_DISP_GINI,,_Z,,0_TO_1,Échelle 0-1,_T,Total,METH2011,,D_CUR,,_Z,,2005,,0.377,,A,,,,,,3,,,,,,,
DATAFLOW,OECD.WISE.INE:DSD_WISE_IDD@DF_IDD(1.0),Base de données sur la distribution des revenus,I,PRT,Portugal,A,Annuelle,INC_DISP_GINI,,_Z,,0_TO_1,Échelle 0-1,_T,Total,METH2011,,D_CUR,,_Z,,2006,,0.37,,A,,,,,,3,,,,,,,
DATAFLOW,OECD.WISE.INE:DSD_WISE_IDD@DF_IDD(1.0),Base de données sur la distribution des revenus,I,PRT,Portugal,A,Annuelle,INC_DISP_GINI,,_Z,,0_TO_1,Échelle 0-1,_T,Total,METH2011,,D_CUR,,_Z,,2007,,0.364,,A,,,,,,3,,,,,,,
DATAFLOW,OECD.WISE.INE:DSD_WISE_IDD@DF_IDD(1.0),Base de données sur la distribution des revenus,I,PRT,Portugal,A,Annuelle,INC_DISP_GINI,,_Z,,0_TO_1,Échelle 0-1,_T,Total,METH2011,,D_CUR,,_Z,,2008,,0.358,,A,,,,,,3,,,,,,,
DATAFLOW,OECD.WISE.INE:DSD_WISE_IDD@DF_IDD(1.0),Base de données sur la distribution des revenus,I,PRT,Portugal,A,Annuelle,INC_DISP_GINI,,_Z,,0_TO_1,Échelle 0-1,_T,Total,METH2011,,D_CUR,,_Z,,2009,,0.341,,A,,,,,,3,,,,,,,
DATAFLOW,OECD.WISE.INE:DSD_WISE_IDD@DF_IDD(1.0),Base de données sur la distribution des revenus,I,PRT,Portugal,A,Annuelle,INC_DISP_GINI,,_Z,,0_TO_1,Échelle 0-1,_T,Total,METH2011,,D_CUR,,_Z,,2010,,0.345,,A,,,,,,3,,,,,,,
DATAFLOW,OECD.WISE.INE:DSD_WISE_IDD@DF_IDD(1.0),Base de données sur la distribution des revenus,I,PRT,Portugal,A,Annuelle,INC_DISP_GINI,,_Z,,0_TO_1,Échelle 0-1,_T,Total,METH2011,,D_CUR,,_Z,,2011,,0.341,,A,,,,,,3,,,,,,,
DATAFLOW,OECD.WISE.INE:DSD_WISE_IDD@DF_IDD(1.0),Base de données sur la distribution des revenus,I,PRT,Portugal,A,Annuelle,INC_DISP_GINI,,_Z,,0_TO_1,Échelle 0-1,_T,Total,METH2011,,D_CUR,,_Z,,2012,,0.341,,A,,,,,,3,,,,,,,
DATAFLOW,OECD.WISE.INE:DSD_WISE_IDD@DF_IDD(1.0),Base de données sur la distribution des revenus,I,PRT,Portugal,A,Annuelle,INC_DISP_GINI,,_Z,,0_TO_1,Échelle 0-1,_T,Total,METH2011,,D_CUR,,_Z,,2013,,0.344,,A,,,,,,3,,,,,,,
DATAFLOW,OECD.WISE.INE:DSD_WISE_IDD@DF_IDD(1.0),Base de données sur la distribution des revenus,I,SVK,République slovaque,A,Annuelle,INC_DISP_GINI,,_Z,,0_TO_1,Échelle 0-1,_T,Total,METH2011,,D_CUR,,_Z,,2004,,0.266,,A,,,,,,3,,,,,,,
DATAFLOW,OECD.WISE.INE:DSD_WISE_IDD@DF_IDD(1.0),Base de données sur la distribution des revenus,I,SVK,République slovaque,A,Annuelle,INC_DISP_GINI,,_Z,,0_TO_1,Échelle 0-1,_T,Total,METH2011,,D_CUR,,_Z,,2005,,0.288,,A,,,,,,3,,,,,,,
DATAFLOW,OECD.WISE.INE:DSD_WISE_IDD@DF_IDD(1.0),Base de données sur la distribution des revenus,I,SVK,République slovaque,A,Annuelle,INC_DISP_GINI,,_Z,,0_TO_1,Échelle 0-1,_T,Total,METH2011,,D_CUR,,_Z,,2006,,0.246,,A,,,,,,3,,,,,,,
DATAFLOW,OECD.WISE.INE:DSD_WISE_IDD@DF_IDD(1.0),Base de données sur la distribution des revenus,I,SVK,République slovaque,A,Annuelle,INC_DISP_GINI,,_Z,,0_TO_1,Échelle 0-1,_T,Total,METH2011,,D_CUR,,_Z,,2007,,0.244,,A,,,,,,3,,,,,,,
DATAFLOW,OECD.WISE.INE:DSD_WISE_IDD@DF_IDD(1.0),Base de données sur la distribution des revenus,I,SVK,République slovaque,A,Annuelle,INC_DISP_GINI,,_Z,,0_TO_1,Échelle 0-1,_T,Total,METH2011,,D_CUR,,_Z,,2008,,0.255,,A,,,,,,3,,,,,,,
DATAFLOW,OECD.WISE.INE:DSD_WISE_IDD@DF_IDD(1.0),Base de données sur la distribution des revenus,I,SVK,République slovaque,A,Annuelle,INC_DISP_GINI,,_Z,,0_TO_1,Échelle 0-1,_T,Total,METH2011,,D_CUR,,_Z,,2009,,0.263,,A,,,,,,3,,,,,,,
DATAFLOW,OECD.WISE.INE:DSD_WISE_IDD@DF_IDD(1.0),Base de données sur la distribution des revenus,I,SVK,République slovaque,A,Annuelle,INC_DISP_GINI,,_Z,,0_TO_1,Échelle 0-1,_T,Total,METH2011,,D_CUR,,_Z,,2010,,0.262,,A,,,,,,3,,,,,,,
DATAFLOW,OECD.WISE.INE:DSD_WISE_IDD@DF_IDD(1.0),Base de données sur la distribution des revenus,I,SVK,République slovaque,A,Annuelle,INC_DISP_GINI,,_Z,,0_TO_1,Échelle 0-1,_T,Total,METH2011,,D_CUR,,_Z,,2011,,0.261,,A,,,,,,3,,,,,,,
DATAFLOW,OECD.WISE.INE:DSD_WISE_IDD@DF_IDD(1.0),Base de données sur la distribution des revenus,I,SVK,République slovaque,A,Annuelle,INC_DISP_GINI,,_Z,,0_TO_1,Échelle 0-1,_T,Total,METH2011,,D_CUR,,_Z,,2012,,0.249,,A,,,,,,3,,,,,,,
DATAFLOW,OECD.WISE.INE:DSD_WISE_IDD@DF_IDD(1.0),Base de données sur la distribution des revenus,I,SVK,République slovaque,A,Annuelle,INC_DISP_GINI,,_Z,,0_TO_1,Échelle 0-1,_T,Total,METH2011,,D_CUR,,_Z,,2013,,0.268,,A,,,,,,3,,,,,,,
DATAFLOW,OECD.WISE.INE:DSD_WISE_IDD@DF_IDD(1.0),Base de données sur la distribution des revenus,I,SVN,Slovénie,A,Annuelle,INC_DISP_GINI,,_Z,,0_TO_1,Échelle 0-1,_T,Total,METH2011,,D_CUR,,_Z,,2004,,0.246,,A,,,,,,3,,,,,,,
DATAFLOW,OECD.WISE.INE:DSD_WISE_IDD@DF_IDD(1.0),Base de données sur la distribution des revenus,I,SVN,Slovénie,A,Annuelle,INC_DISP_GINI,,_Z,,0_TO_1,Échelle 0-1,_T,Total,METH2011,,D_CUR,,_Z,,2005,,0.246,,A,,,,,,3,,,,,,,
DATAFLOW,OECD.WISE.INE:DSD_WISE_IDD@DF_IDD(1.0),Base de données sur la distribution des revenus,I,SVN,Slovénie,A,Annuelle,INC_DISP_GINI,,_Z,,0_TO_1,Échelle 0-1,_T,Total,METH2011,,D_CUR,,_Z,,2006,,0.241,,A,,,,,,3,,,,,,,
DATAFLOW,OECD.WISE.INE:DSD_WISE_IDD@DF_IDD(1.0),Base de données sur la distribution des revenus,I,SVN,Slovénie,A,Annuelle,INC_DISP_GINI,,_Z,,0_TO_1,Échelle 0-1,_T,Total,METH2011,,D_CUR,,_Z,,2007,,0.241,,A,,,,,,3,,,,,,,
DATAFLOW,OECD.WISE.INE:DSD_WISE_IDD@DF_IDD(1.0),Base de données sur la distribution des revenus,I,SVN,Slovénie,A,Annuelle,INC_DISP_GINI,,_Z,,0_TO_1,Échelle 0-1,_T,Total,METH2011,,D_CUR,,_Z,,2008,,0.236,,A,,,,,,3,,,,,,,
DATAFLOW,OECD.WISE.INE:DSD_WISE_IDD@DF_IDD(1.0),Base de données sur la distribution des revenus,I,SVN,Slovénie,A,Annuelle,INC_DISP_GINI,,_Z,,0_TO_1,Échelle 0-1,_T,Total,METH2011,,D_CUR,,_Z,,2009,,0.247,,A,,,,,,3,,,,,,,
DATAFLOW,OECD.WISE.INE:DSD_WISE_IDD@DF_IDD(1.0),Base de données sur la distribution des revenus,I,SVN,Slovénie,A,Annuelle,INC_DISP_GINI,,_Z,,0_TO_1,Échelle 0-1,_T,Total,METH2011,,D_CUR,,_Z,,2010,,0.246,,A,,,,,,3,,,,,,,
DATAFLOW,OECD.WISE.INE:DSD_WISE_IDD@DF_IDD(1.0),Base de données sur la distribution des revenus,I,SVN,Slovénie,A,Annuelle,INC_DISP_GINI,,_Z,,0_TO_1,Échelle 0-1,_T,Total,METH2011,,D_CUR,,_Z,,2011,,0.245,,A,,,,,,3,,,,,,,
DATAFLOW,OECD.WISE.INE:DSD_WISE_IDD@DF_IDD(1.0),Base de données sur la distribution des revenus,I,SVN,Slovénie,A,Annuelle,INC_DISP_GINI,,_Z,,0_TO_1,Échelle 0-1,_T,Total,METH2011,,D_CUR,,_Z,,2012,,0.251,,A,,,,,,3,,,,,,,
DATAFLOW,OECD.WISE.INE:DSD_WISE_IDD@DF_IDD(1.0),Base de données sur la distribution des revenus,I,SVN,Slovénie,A,Annuelle,INC_DISP_GINI,,_Z,,0_TO_1,Échelle 0-1,_T,Total,METH2011,,D_CUR,,_Z,,2013,,0.255,,A,,,,,,3,,,,,,,
DATAFLOW,OECD.WISE.INE:DSD_WISE_IDD@DF_IDD(1.0),Base de données sur la distribution des revenus,I,SWE,Suède,A,Annuelle,INC_DISP_GINI,,_Z,,0_TO_1,Échelle 0-1,_T,Total,METH2011,,D_CUR,,_Z,,1983,,0.198,,A,,,,,,3,,,,,,,
DATAFLOW,OECD.WISE.INE:DSD_WISE_IDD@DF_IDD(1.0),Base de données sur la distribution des revenus,I,SWE,Suède,A,Annuelle,INC_DISP_GINI,,_Z,,0_TO_1,Échelle 0-1,_T,Total,METH2011,,D_CUR,,_Z,,1991,,0.209,,A,,,,,,3,,,,,,,
DATAFLOW,OECD.WISE.INE:DSD_WISE_IDD@DF_IDD(1.0),Base de données sur la distribution des revenus,I,SWE,Suède,A,Annuelle,INC_DISP_GINI,,_Z,,0_TO_1,Échelle 0-1,_T,Total,METH2011,,D_CUR,,_Z,,1995,,0.211,,A,,,,,,3,,,,,,,
DATAFLOW,OECD.WISE.INE:DSD_WISE_IDD@DF_IDD(1.0),Base de données sur la distribution des revenus,I,SWE,Suède,A,Annuelle,INC_DISP_GINI,,_Z,,0_TO_1,Échelle 0-1,_T,Total,METH2011,,D_CUR,,_Z,,2000,,0.243,,A,,,,,,3,,,,,,,
DATAFLOW,OECD.WISE.INE:DSD_WISE_IDD@DF_IDD(1.0),Base de données sur la distribution des revenus,I,SWE,Suède,A,Annuelle,INC_DISP_GINI,,_Z,,0_TO_1,Échelle 0-1,_T,Total,METH2011,,D_CUR,,_Z,,2004,,0.234,,A,,,,,,3,,,,,,,
DATAFLOW,OECD.WISE.INE:DSD_WISE_IDD@DF_IDD(1.0),Base de données sur la distribution des revenus,I,SWE,Suède,A,Annuelle,INC_DISP_GINI,,_Z,,0_TO_1,Échelle 0-1,_T,Total,METH2011,,D_CUR,,_Z,,2008,,0.259,,A,,,,,,3,,,,,,,
DATAFLOW,OECD.WISE.INE:DSD_WISE_IDD@DF_IDD(1.0),Base de données sur la distribution des revenus,I,SWE,Suède,A,Annuelle,INC_DISP_GINI,,_Z,,0_TO_1,Échelle 0-1,_T,Total,METH2011,,D_CUR,,_Z,,2009,,0.269,,A,,,,,,3,,,,,,,
DATAFLOW,OECD.WISE.INE:DSD_WISE_IDD@DF_IDD(1.0),Base de données sur la distribution des revenus,I,SWE,Suède,A,Annuelle,INC_DISP_GINI,,_Z,,0_TO_1,Échelle 0-1,_T,Total,METH2011,,D_CUR,,_Z,,2010,,0.269,,A,,,,,,3,,,,,,,
DATAFLOW,OECD.WISE.INE:DSD_WISE_IDD@DF_IDD(1.0),Base de données sur la distribution des revenus,I,SWE,Suède,A,Annuelle,INC_DISP_GINI,,_Z,,0_TO_1,Échelle 0-1,_T,Total,METH2011,,D_CUR,,_Z,,2011,,0.273,,A,,,,,,3,,,,,,,
DATAFLOW,OECD.WISE.INE:DSD_WISE_IDD@DF_IDD(1.0),Base de données sur la distribution des revenus,I,CHE,Suisse,A,Annuelle,INC_DISP_GINI,,_Z,,0_TO_1,Échelle 0-1,_T,Total,METH2011,,D_CUR,,_Z,,2009,,0.298,,A,,,,,,3,,,,,,,
DATAFLOW,OECD.WISE.INE:DSD_WISE_IDD@DF_IDD(1.0),Base de données sur la distribution des revenus,I,CHE,Suisse,A,Annuelle,INC_DISP_GINI,,_Z,,0_TO_1,Échelle 0-1,_T,Total,METH2011,,D_CUR,,_Z,,2011,,0.289,,A,,,,,,3,,,,,,,
DATAFLOW,OECD.WISE.INE:DSD_WISE_IDD@DF_IDD(1.0),Base de données sur la distribution des revenus,I,TUR,Türkiye,A,Annuelle,INC_DISP_GINI,,_Z,,0_TO_1,Échelle 0-1,_T,Total,METH2011,,D_CUR,,_Z,,1987,,0.434,,A,,,,,,3,,,,,,,
DATAFLOW,OECD.WISE.INE:DSD_WISE_IDD@DF_IDD(1.0),Base de données sur la distribution des revenus,I,TUR,Türkiye,A,Annuelle,INC_DISP_GINI,,_Z,,0_TO_1,Échelle 0-1,_T,Total,METH2011,,D_CUR,,_Z,,1994,,0.49,,A,,,,,,3,,,,,,,
DATAFLOW,OECD.WISE.INE:DSD_WISE_IDD@DF_IDD(1.0),Base de données sur la distribution des revenus,I,TUR,Türkiye,A,Annuelle,INC_DISP_GINI,,_Z,,0_TO_1,Échelle 0-1,_T,Total,METH2011,,D_CUR,,_Z,,2004,,0.43,,A,,,,,,3,,,,,,,
DATAFLOW,OECD.WISE.INE:DSD_WISE_IDD@DF_IDD(1.0),Base de données sur la distribution des revenus,I,TUR,Türkiye,A,Annuelle,INC_DISP_GINI,,_Z,,0_TO_1,Échelle 0-1,_T,Total,METH2011,,D_CUR,,_Z,,2007,,0.409,,A,,,,,,3,,,,,,,
DATAFLOW,OECD.WISE.INE:DSD_WISE_IDD@DF_IDD(1.0),Base de données sur la distribution des revenus,I,TUR,Türkiye,A,Annuelle,INC_DISP_GINI,,_Z,,0_TO_1,Échelle 0-1,_T,Total,METH2011,,D_CUR,,_Z,,2009,,0.411,,A,,,,,,3,,,,,,,
DATAFLOW,OECD.WISE.INE:DSD_WISE_IDD@DF_IDD(1.0),Base de données sur la distribution des revenus,I,TUR,Türkiye,A,Annuelle,INC_DISP_GINI,,_Z,,0_TO_1,Échelle 0-1,_T,Total,METH2011,,D_CUR,,_Z,,2010,,0.417,,A,,,,,,3,,,,,,,
DATAFLOW,OECD.WISE.INE:DSD_WISE_IDD@DF_IDD(1.0),Base de données sur la distribution des revenus,I,TUR,Türkiye,A,Annuelle,INC_DISP_GINI,,_Z,,0_TO_1,Échelle 0-1,_T,Total,METH2011,,D_CUR,,_Z,,2011,,0.412,,A,,,,,,3,,,,,,,
DATAFLOW,OECD.WISE.INE:DSD_WISE_IDD@DF_IDD(1.0),Base de données sur la distribution des revenus,I,GBR,Royaume-Uni,A,Annuelle,INC_DISP_GINI,,_Z,,0_TO_1,Échelle 0-1,_T,Total,METH2011,,D_CUR,,_Z,,1985,,0.309,,A,,,,,,3,,,,,,,
DATAFLOW,OECD.WISE.INE:DSD_WISE_IDD@DF_IDD(1.0),Base de données sur la distribution des revenus,I,GBR,Royaume-Uni,A,Annuelle,INC_DISP_GINI,,_Z,,0_TO_1,Échelle 0-1,_T,Total,METH2011,,D_CUR,,_Z,,1990,,0.355,,A,,,,,,3,,,,,,,
DATAFLOW,OECD.WISE.INE:DSD_WISE_IDD@DF_IDD(1.0),Base de données sur la distribution des revenus,I,GBR,Royaume-Uni,A,Annuelle,INC_DISP_GINI,,_Z,,0_TO_1,Échelle 0-1,_T,Total,METH2011,,D_CUR,,_Z,,1994,,0.337,,A,,,,,,3,,,,,,,
DATAFLOW,OECD.WISE.INE:DSD_WISE_IDD@DF_IDD(1.0),Base de données sur la distribution des revenus,I,GBR,Royaume-Uni,A,Annuelle,INC_DISP_GINI,,_Z,,0_TO_1,Échelle 0-1,_T,Total,METH2011,,D_CUR,,_Z,,1999,,0.34,,A,,,,,,3,,,,,,,
DATAFLOW,OECD.WISE.INE:DSD_WISE_IDD@DF_IDD(1.0),Base de données sur la distribution des revenus,I,GBR,Royaume-Uni,A,Annuelle,INC_DISP_GINI,,_Z,,0_TO_1,Échelle 0-1,_T,Total,METH2011,,D_CUR,,_Z,,2000,,0.352,,A,,,,,,3,,,,,,,
DATAFLOW,OECD.WISE.INE:DSD_WISE_IDD@DF_IDD(1.0),Base de données sur la distribution des revenus,I,GBR,Royaume-Uni,A,Annuelle,INC_DISP_GINI,,_Z,,0_TO_1,Échelle 0-1,_T,Total,METH2011,,D_CUR,,_Z,,2001,,0.34,,A,,,,,,3,,,,,,,
DATAFLOW,OECD.WISE.INE:DSD_WISE_IDD@DF_IDD(1.0),Base de données sur la distribution des revenus,I,GBR,Royaume-Uni,A,Annuelle,INC_DISP_GINI,,_Z,,0_TO_1,Échelle 0-1,_T,Total,METH2011,,D_CUR,,_Z,,2002,,0.335,,A,,,,,,3,,,,,,,
DATAFLOW,OECD.WISE.INE:DSD_WISE_IDD@DF_IDD(1.0),Base de données sur la distribution des revenus,I,GBR,Royaume-Uni,A,Annuelle,INC_DISP_GINI,,_Z,,0_TO_1,Échelle 0-1,_T,Total,METH2011,,D_CUR,,_Z,,2003,,0.335,,A,,,,,,3,,,,,,,
DATAFLOW,OECD.WISE.INE:DSD_WISE_IDD@DF_IDD(1.0),Base de données sur la distribution des revenus,I,GBR,Royaume-Uni,A,Annuelle,INC_DISP_GINI,,_Z,,0_TO_1,Échelle 0-1,_T,Total,METH2011,,D_CUR,,_Z,,2004,,0.331,,A,,,,,,3,,,,,,,
DATAFLOW,OECD.WISE.INE:DSD_WISE_IDD@DF_IDD(1.0),Base de données sur la distribution des revenus,I,GBR,Royaume-Uni,A,Annuelle,INC_DISP_GINI,,_Z,,0_TO_1,Échelle 0-1,_T,Total,METH2011,,D_CUR,,_Z,,2005,,0.335,,A,,,,,,3,,,,,,,
DATAFLOW,OECD.WISE.INE:DSD_WISE_IDD@DF_IDD(1.0),Base de données sur la distribution des revenus,I,GBR,Royaume-Uni,A,Annuelle,INC_DISP_GINI,,_Z,,0_TO_1,Échelle 0-1,_T,Total,METH2011,,D_CUR,,_Z,,2006,,0.339,,A,,,,,,3,,,,,,,
DATAFLOW,OECD.WISE.INE:DSD_WISE_IDD@DF_IDD(1.0),Base de données sur la distribution des revenus,I,GBR,Royaume-Uni,A,Annuelle,INC_DISP_GINI,,_Z,,0_TO_1,Échelle 0-1,_T,Total,METH2011,,D_CUR,,_Z,,2007,,0.341,,A,,,,,,3,,,,,,,
DATAFLOW,OECD.WISE.INE:DSD_WISE_IDD@DF_IDD(1.0),Base de données sur la distribution des revenus,I,GBR,Royaume-Uni,A,Annuelle,INC_DISP_GINI,,_Z,,0_TO_1,Échelle 0-1,_T,Total,METH2011,,D_CUR,,_Z,,2008,,0.342,,A,,,,,,3,,,,,,,
DATAFLOW,OECD.WISE.INE:DSD_WISE_IDD@DF_IDD(1.0),Base de données sur la distribution des revenus,I,GBR,Royaume-Uni,A,Annuelle,INC_DISP_GINI,,_Z,,0_TO_1,Échelle 0-1,_T,Total,METH2011,,D_CUR,,_Z,,2009,,0.345,,A,,,,,,3,,,,,,,
DATAFLOW,OECD.WISE.INE:DSD_WISE_IDD@DF_IDD(1.0),Base de données sur la distribution des revenus,I,GBR,Royaume-Uni,A,Annuelle,INC_DISP_GINI,,_Z,,0_TO_1,Échelle 0-1,_T,Total,METH2011,,D_CUR,,_Z,,2010,,0.341,,A,,,,,,3,,,,,,,
DATAFLOW,OECD.WISE.INE:DSD_WISE_IDD@DF_IDD(1.0),Base de données sur la distribution des revenus,I,USA,États-Unis,A,Annuelle,INC_DISP_GINI,,_Z,,0_TO_1,Échelle 0-1,_T,Total,METH2011,,D_CUR,,_Z,,1993,,0.369,,A,,,,,,3,,,,,,,
DATAFLOW,OECD.WISE.INE:DSD_WISE_IDD@DF_IDD(1.0),Base de données sur la distribution des revenus,I,USA,États-Unis,A,Annuelle,INC_DISP_GINI,,_Z,,0_TO_1,Échelle 0-1,_T,Total,METH2011,,D_CUR,,_Z,,1994,,0.366,,A,,,,,,3,,,,,,,
DATAFLOW,OECD.WISE.INE:DSD_WISE_IDD@DF_IDD(1.0),Base de données sur la distribution des revenus,I,USA,États-Unis,A,Annuelle,INC_DISP_GINI,,_Z,,0_TO_1,Échelle 0-1,_T,Total,METH2011,,D_CUR,,_Z,,1995,,0.361,,A,,,,,,3,,,,,,,
DATAFLOW,OECD.WISE.INE:DSD_WISE_IDD@DF_IDD(1.0),Base de données sur la distribution des revenus,I,USA,États-Unis,A,Annuelle,INC_DISP_GINI,,_Z,,0_TO_1,Échelle 0-1,_T,Total,METH2011,,D_CUR,,_Z,,1996,,0.363,,A,,,,,,3,,,,,,,
DATAFLOW,OECD.WISE.INE:DSD_WISE_IDD@DF_IDD(1.0),Base de données sur la distribution des revenus,I,USA,États-Unis,A,Annuelle,INC_DISP_GINI,,_Z,,0_TO_1,Échelle 0-1,_T,Total,METH2011,,D_CUR,,_Z,,1997,,0.364,,A,,,,,,3,,,,,,,
DATAFLOW,OECD.WISE.INE:DSD_WISE_IDD@DF_IDD(1.0),Base de données sur la distribution des revenus,I,USA,États-Unis,A,Annuelle,INC_DISP_GINI,,_Z,,0_TO_1,Échelle 0-1,_T,Total,METH2011,,D_CUR,,_Z,,1998,,0.357,,A,,,,,,3,,,,,,,
DATAFLOW,OECD.WISE.INE:DSD_WISE_IDD@DF_IDD(1.0),Base de données sur la distribution des revenus,I,USA,États-Unis,A,Annuelle,INC_DISP_GINI,,_Z,,0_TO_1,Échelle 0-1,_T,Total,METH2011,,D_CUR,,_Z,,1999,,0.354,,A,,,,,,3,,,,,,,
DATAFLOW,OECD.WISE.INE:DSD_WISE_IDD@DF_IDD(1.0),Base de données sur la distribution des revenus,I,USA,États-Unis,A,Annuelle,INC_DISP_GINI,,_Z,,0_TO_1,Échelle 0-1,_T,Total,METH2011,,D_CUR,,_Z,,2000,,0.357,,A,,,,,,3,,,,,,,
DATAFLOW,OECD.WISE.INE:DSD_WISE_IDD@DF_IDD(1.0),Base de données sur la distribution des revenus,I,USA,États-Unis,A,Annuelle,INC_DISP_GINI,,_Z,,0_TO_1,Échelle 0-1,_T,Total,METH2011,,D_CUR,,_Z,,2001,,0.36,,A,,,,,,3,,,,,,,
DATAFLOW,OECD.WISE.INE:DSD_WISE_IDD@DF_IDD(1.0),Base de données sur la distribution des revenus,I,USA,États-Unis,A,Annuelle,INC_DISP_GINI,,_Z,,0_TO_1,Échelle 0-1,_T,Total,METH2011,,D_CUR,,_Z,,2002,,0.376,,A,,,,,,3,,,,,,,
DATAFLOW,OECD.WISE.INE:DSD_WISE_IDD@DF_IDD(1.0),Base de données sur la distribution des revenus,I,USA,États-Unis,A,Annuelle,INC_DISP_GINI,,_Z,,0_TO_1,Échelle 0-1,_T,Total,METH2011,,D_CUR,,_Z,,2003,,0.374,,A,,,,,,3,,,,,,,
DATAFLOW,OECD.WISE.INE:DSD_WISE_IDD@DF_IDD(1.0),Base de données sur la distribution des revenus,I,USA,États-Unis,A,Annuelle,INC_DISP_GINI,,_Z,,0_TO_1,Échelle 0-1,_T,Total,METH2011,,D_CUR,,_Z,,2004,,0.36,,A,,,,,,3,,,,,,,
DATAFLOW,OECD.WISE.INE:DSD_WISE_IDD@DF_IDD(1.0),Base de données sur la distribution des revenus,I,USA,États-Unis,A,Annuelle,INC_DISP_GINI,,_Z,,0_TO_1,Échelle 0-1,_T,Total,METH2011,,D_CUR,,_Z,,2005,,0.38,,A,,,,,,3,,,,,,,
DATAFLOW,OECD.WISE.INE:DSD_WISE_IDD@DF_IDD(1.0),Base de données sur la distribution des revenus,I,USA,États-Unis,A,Annuelle,INC_DISP_GINI,,_Z,,0_TO_1,Échelle 0-1,_T,Total,METH2011,,D_CUR,,_Z,,2006,,0.384,,A,,,,,,3,,,,,,,
DATAFLOW,OECD.WISE.INE:DSD_WISE_IDD@DF_IDD(1.0),Base de données sur la distribution des revenus,I,USA,États-Unis,A,Annuelle,INC_DISP_GINI,,_Z,,0_TO_1,Échelle 0-1,_T,Total,METH2011,,D_CUR,,_Z,,2007,,0.376,,A,,,,,,3,,,,,,,
DATAFLOW,OECD.WISE.INE:DSD_WISE_IDD@DF_IDD(1.0),Base de données sur la distribution des revenus,I,USA,États-Unis,A,Annuelle,INC_DISP_GINI,,_Z,,0_TO_1,Échelle 0-1,_T,Total,METH2011,,D_CUR,,_Z,,2008,,0.378,,A,,,,,,3,,,,,,,
DATAFLOW,OECD.WISE.INE:DSD_WISE_IDD@DF_IDD(1.0),Base de données sur la distribution des revenus,I,USA,États-Unis,A,Annuelle,INC_DISP_GINI,,_Z,,0_TO_1,Échelle 0-1,_T,Total,METH2011,,D_CUR,,_Z,,2009,,0.379,,A,,,,,,3,,,,,,,
DATAFLOW,OECD.WISE.INE:DSD_WISE_IDD@DF_IDD(1.0),Base de données sur la distribution des revenus,I,USA,États-Unis,A,Annuelle,INC_DISP_GINI,,_Z,,0_TO_1,Échelle 0-1,_T,Total,METH2011,,D_CUR,,_Z,,2010,,0.38,,A,,,,,,3,,,,,,,
DATAFLOW,OECD.WISE.INE:DSD_WISE_IDD@DF_IDD(1.0),Base de données sur la distribution des revenus,I,USA,États-Unis,A,Annuelle,INC_DISP_GINI,,_Z,,0_TO_1,Échelle 0-1,_T,Total,METH2011,,D_CUR,,_Z,,2011,,0.389,,A,,,,,,3,,,,,,,
DATAFLOW,OECD.WISE.INE:DSD_WISE_IDD@DF_IDD(1.0),Base de données sur la distribution des revenus,I,USA,États-Unis,A,Annuelle,INC_DISP_GINI,,_Z,,0_TO_1,Échelle 0-1,_T,Total,METH2011,,D_CUR,,_Z,,2012,,0.389,,A,,,,,,3,,,,,,,
DATAFLOW,OECD.WISE.INE:DSD_WISE_IDD@DF_IDD(1.0),Base de données sur la distribution des revenus,I,RUS,Russie,A,Annuelle,INC_DISP_GINI,,_Z,,0_TO_1,Échelle 0-1,_T,Total,METH2011,,D_CUR,,_Z,,2008,,0.428,,A,,,,,,3,,,,,,,
DATAFLOW,OECD.WISE.INE:DSD_WISE_IDD@DF_IDD(1.0),Base de données sur la distribution des revenus,I,RUS,Russie,A,Annuelle,INC_DISP_GINI,,_Z,,0_TO_1,Échelle 0-1,_T,Total,METH2011,,D_CUR,,_Z,,2010,,0.396,,A,,,,,,3,,,,,,,
DATAFLOW,OECD.WISE.INE:DSD_WISE_IDD@DF_IDD(1.0),Base de données sur la distribution des revenus,I,CAN,Canada,A,Annuelle,INC_DISP_GINI,,_Z,,0_TO_1,Échelle 0-1,_T,Total,METH2011,,D_CUR,,_Z,,1976,,0.304,,A,,,,,,3,,,,,,,
DATAFLOW,OECD.WISE.INE:DSD_WISE_IDD@DF_IDD(1.0),Base de données sur la distribution des revenus,I,CAN,Canada,A,Annuelle,INC_DISP_GINI,,_Z,,0_TO_1,Échelle 0-1,_T,Total,METH2011,,D_CUR,,_Z,,1977,,0.288,,A,,,,,,3,,,,,,,
DATAFLOW,OECD.WISE.INE:DSD_WISE_IDD@DF_IDD(1.0),Base de données sur la distribution des revenus,I,CAN,Canada,A,Annuelle,INC_DISP_GINI,,_Z,,0_TO_1,Échelle 0-1,_T,Total,METH2011,,D_CUR,,_Z,,1978,,0.293,,A,,,,,,3,,,,,,,
DATAFLOW,OECD.WISE.INE:DSD_WISE_IDD@DF_IDD(1.0),Base de données sur la distribution des revenus,I,CAN,Canada,A,Annuelle,INC_DISP_GINI,,_Z,,0_TO_1,Échelle 0-1,_T,Total,METH2011,,D_CUR,,_Z,,1979,,0.289,,A,,,,,,3,,,,,,,
DATAFLOW,OECD.WISE.INE:DSD_WISE_IDD@DF_IDD(1.0),Base de données sur la distribution des revenus,I,CAN,Canada,A,Annuelle,INC_DISP_GINI,,_Z,,0_TO_1,Échelle 0-1,_T,Total,METH2011,,D_CUR,,_Z,,1980,,0.289,,A,,,,,,3,,,,,,,
DATAFLOW,OECD.WISE.INE:DSD_WISE_IDD@DF_IDD(1.0),Base de données sur la distribution des revenus,I,CAN,Canada,A,Annuelle,INC_DISP_GINI,,_Z,,0_TO_1,Échelle 0-1,_T,Total,METH2011,,D_CUR,,_Z,,1981,,0.287,,A,,,,,,3,,,,,,,
DATAFLOW,OECD.WISE.INE:DSD_WISE_IDD@DF_IDD(1.0),Base de données sur la distribution des revenus,I,CAN,Canada,A,Annuelle,INC_DISP_GINI,,_Z,,0_TO_1,Échelle 0-1,_T,Total,METH2011,,D_CUR,,_Z,,1982,,0.291,,A,,,,,,3,,,,,,,
DATAFLOW,OECD.WISE.INE:DSD_WISE_IDD@DF_IDD(1.0),Base de données sur la distribution des revenus,I,CAN,Canada,A,Annuelle,INC_DISP_GINI,,_Z,,0_TO_1,Échelle 0-1,_T,Total,METH2011,,D_CUR,,_Z,,1983,,0.299,,A,,,,,,3,,,,,,,
DATAFLOW,OECD.WISE.INE:DSD_WISE_IDD@DF_IDD(1.0),Base de données sur la distribution des revenus,I,CAN,Canada,A,Annuelle,INC_DISP_GINI,,_Z,,0_TO_1,Échelle 0-1,_T,Total,METH2011,,D_CUR,,_Z,,1984,,0.296,,A,,,,,,3,,,,,,,
DATAFLOW,OECD.WISE.INE:DSD_WISE_IDD@DF_IDD(1.0),Base de données sur la distribution des revenus,I,CAN,Canada,A,Annuelle,INC_DISP_GINI,,_Z,,0_TO_1,Échelle 0-1,_T,Total,METH2011,,D_CUR,,_Z,,1985,,0.293,,A,,,,,,3,,,,,,,
DATAFLOW,OECD.WISE.INE:DSD_WISE_IDD@DF_IDD(1.0),Base de données sur la distribution des revenus,I,CAN,Canada,A,Annuelle,INC_DISP_GINI,,_Z,,0_TO_1,Échelle 0-1,_T,Total,METH2011,,D_CUR,,_Z,,1986,,0.292,,A,,,,,,3,,,,,,,
DATAFLOW,OECD.WISE.INE:DSD_WISE_IDD@DF_IDD(1.0),Base de données sur la distribution des revenus,I,CAN,Canada,A,Annuelle,INC_DISP_GINI,,_Z,,0_TO_1,Échelle 0-1,_T,Total,METH2011,,D_CUR,,_Z,,1987,,0.289,,A,,,,,,3,,,,,,,
DATAFLOW,OECD.WISE.INE:DSD_WISE_IDD@DF_IDD(1.0),Base de données sur la distribution des revenus,I,CAN,Canada,A,Annuelle,INC_DISP_GINI,,_Z,,0_TO_1,Échelle 0-1,_T,Total,METH2011,,D_CUR,,_Z,,1988,,0.284,,A,,,,,,3,,,,,,,
DATAFLOW,OECD.WISE.INE:DSD_WISE_IDD@DF_IDD(1.0),Base de données sur la distribution des revenus,I,CAN,Canada,A,Annuelle,INC_DISP_GINI,,_Z,,0_TO_1,Échelle 0-1,_T,Total,METH2011,,D_CUR,,_Z,,1989,,0.282,,A,,,,,,3,,,,,,,
DATAFLOW,OECD.WISE.INE:DSD_WISE_IDD@DF_IDD(1.0),Base de données sur la distribution des revenus,I,CAN,Canada,A,Annuelle,INC_DISP_GINI,,_Z,,0_TO_1,Échelle 0-1,_T,Total,METH2011,,D_CUR,,_Z,,1990,,0.287,,A,,,,,,3,,,,,,,
DATAFLOW,OECD.WISE.INE:DSD_WISE_IDD@DF_IDD(1.0),Base de données sur la distribution des revenus,I,CAN,Canada,A,Annuelle,INC_DISP_GINI,,_Z,,0_TO_1,Échelle 0-1,_T,Total,METH2011,,D_CUR,,_Z,,1991,,0.294,,A,,,,,,3,,,,,,,
DATAFLOW,OECD.WISE.INE:DSD_WISE_IDD@DF_IDD(1.0),Base de données sur la distribution des revenus,I,CAN,Canada,A,Annuelle,INC_DISP_GINI,,_Z,,0_TO_1,Échelle 0-1,_T,Total,METH2011,,D_CUR,,_Z,,1992,,0.292,,A,,,,,,3,,,,,,,
DATAFLOW,OECD.WISE.INE:DSD_WISE_IDD@DF_IDD(1.0),Base de données sur la distribution des revenus,I,CAN,Canada,A,Annuelle,INC_DISP_GINI,,_Z,,0_TO_1,Échelle 0-1,_T,Total,METH2011,,D_CUR,,_Z,,1993,,0.286,,A,,,,,,3,,,,,,,
DATAFLOW,OECD.WISE.INE:DSD_WISE_IDD@DF_IDD(1.0),Base de données sur la distribution des revenus,I,CAN,Canada,A,Annuelle,INC_DISP_GINI,,_Z,,0_TO_1,Échelle 0-1,_T,Total,METH2011,,D_CUR,,_Z,,1994,,0.287,,A,,,,,,3,,,,,,,
DATAFLOW,OECD.WISE.INE:DSD_WISE_IDD@DF_IDD(1.0),Base de données sur la distribution des revenus,I,CAN,Canada,A,Annuelle,INC_DISP_GINI,,_Z,,0_TO_1,Échelle 0-1,_T,Total,METH2011,,D_CUR,,_Z,,1995,,0.289,,A,,,,,,3,,,,,,,
DATAFLOW,OECD.WISE.INE:DSD_WISE_IDD@DF_IDD(1.0),Base de données sur la distribution des revenus,I,CAN,Canada,A,Annuelle,INC_DISP_GINI,,_Z,,0_TO_1,Échelle 0-1,_T,Total,METH2011,,D_CUR,,_Z,,1996,,0.297,,A,,,,,,3,,,,,,,
DATAFLOW,OECD.WISE.INE:DSD_WISE_IDD@DF_IDD(1.0),Base de données sur la distribution des revenus,I,CAN,Canada,A,Annuelle,INC_DISP_GINI,,_Z,,0_TO_1,Échelle 0-1,_T,Total,METH2011,,D_CUR,,_Z,,1997,,0.301,,A,,,,,,3,,,,,,,
DATAFLOW,OECD.WISE.INE:DSD_WISE_IDD@DF_IDD(1.0),Base de données sur la distribution des revenus,I,CAN,Canada,A,Annuelle,INC_DISP_GINI,,_Z,,0_TO_1,Échelle 0-1,_T,Total,METH2011,,D_CUR,,_Z,,1998,,0.307,,A,,,,,,3,,,,,,,
DATAFLOW,OECD.WISE.INE:DSD_WISE_IDD@DF_IDD(1.0),Base de données sur la distribution des revenus,I,CAN,Canada,A,Annuelle,INC_DISP_GINI,,_Z,,0_TO_1,Échelle 0-1,_T,Total,METH2011,,D_CUR,,_Z,,1999,,0.307,,A,,,,,,3,,,,,,,
DATAFLOW,OECD.WISE.INE:DSD_WISE_IDD@DF_IDD(1.0),Base de données sur la distribution des revenus,I,CAN,Canada,A,Annuelle,INC_DISP_GINI,,_Z,,0_TO_1,Échelle 0-1,_T,Total,METH2011,,D_CUR,,_Z,,2000,,0.315,,A,,,,,,3,,,,,,,
DATAFLOW,OECD.WISE.INE:DSD_WISE_IDD@DF_IDD(1.0),Base de données sur la distribution des revenus,I,CAN,Canada,A,Annuelle,INC_DISP_GINI,,_Z,,0_TO_1,Échelle 0-1,_T,Total,METH2011,,D_CUR,,_Z,,2001,,0.317,,A,,,,,,3,,,,,,,
DATAFLOW,OECD.WISE.INE:DSD_WISE_IDD@DF_IDD(1.0),Base de données sur la distribution des revenus,I,CAN,Canada,A,Annuelle,INC_DISP_GINI,,_Z,,0_TO_1,Échelle 0-1,_T,Total,METH2011,,D_CUR,,_Z,,2002,,0.318,,A,,,,,,3,,,,,,,
DATAFLOW,OECD.WISE.INE:DSD_WISE_IDD@DF_IDD(1.0),Base de données sur la distribution des revenus,I,CAN,Canada,A,Annuelle,INC_DISP_GINI,,_Z,,0_TO_1,Échelle 0-1,_T,Total,METH2011,,D_CUR,,_Z,,2003,,0.316,,A,,,,,,3,,,,,,,
DATAFLOW,OECD.WISE.INE:DSD_WISE_IDD@DF_IDD(1.0),Base de données sur la distribution des revenus,I,CAN,Canada,A,Annuelle,INC_DISP_GINI,,_Z,,0_TO_1,Échelle 0-1,_T,Total,METH2011,,D_CUR,,_Z,,2004,,0.322,,A,,,,,,3,,,,,,,
DATAFLOW,OECD.WISE.INE:DSD_WISE_IDD@DF_IDD(1.0),Base de données sur la distribution des revenus,I,CAN,Canada,A,Annuelle,INC_DISP_GINI,,_Z,,0_TO_1,Échelle 0-1,_T,Total,METH2011,,D_CUR,,_Z,,2005,,0.317,,A,,,,,,3,,,,,,,
DATAFLOW,OECD.WISE.INE:DSD_WISE_IDD@DF_IDD(1.0),Base de données sur la distribution des revenus,I,CAN,Canada,A,Annuelle,INC_DISP_GINI,,_Z,,0_TO_1,Échelle 0-1,_T,Total,METH2011,,D_CUR,,_Z,,2006,,0.317,,A,,,,,,3,,,,,,,
DATAFLOW,OECD.WISE.INE:DSD_WISE_IDD@DF_IDD(1.0),Base de données sur la distribution des revenus,I,CAN,Canada,A,Annuelle,INC_DISP_GINI,,_Z,,0_TO_1,Échelle 0-1,_T,Total,METH2011,,D_CUR,,_Z,,2007,,0.318,,A,,,,,,3,,,,,,,
DATAFLOW,OECD.WISE.INE:DSD_WISE_IDD@DF_IDD(1.0),Base de données sur la distribution des revenus,I,CAN,Canada,A,Annuelle,INC_DISP_GINI,,_Z,,0_TO_1,Échelle 0-1,_T,Total,METH2011,,D_CUR,,_Z,,2008,,0.321,,A,,,,,,3,,,,,,,
DATAFLOW,OECD.WISE.INE:DSD_WISE_IDD@DF_IDD(1.0),Base de données sur la distribution des revenus,I,CAN,Canada,A,Annuelle,INC_DISP_GINI,,_Z,,0_TO_1,Échelle 0-1,_T,Total,METH2011,,D_CUR,,_Z,,2009,,0.32,,A,,,,,,3,,,,,,,
DATAFLOW,OECD.WISE.INE:DSD_WISE_IDD@DF_IDD(1.0),Base de données sur la distribution des revenus,I,CAN,Canada,A,Annuelle,INC_DISP_GINI,,_Z,,0_TO_1,Échelle 0-1,_T,Total,METH2011,,D_CUR,,_Z,,2010,,0.319,,A,,,,,,3,,,,,,,
DATAFLOW,OECD.WISE.INE:DSD_WISE_IDD@DF_IDD(1.0),Base de données sur la distribution des revenus,I,CAN,Canada,A,Annuelle,INC_DISP_GINI,,_Z,,0_TO_1,Échelle 0-1,_T,Total,METH2011,,D_CUR,,_Z,,2011,,0.316,,A,,,,,,3,,,,,,,
